2022-9-29 19:51:53,3ed4c0a1c9d6,hadoop-slave8.1.9m2kxmpyhrjrdkxrpnr0gnb63,0.57%,18.39,/,125.5GiB,14.66%,159GB,/,98.5GB,6.43GB,/,109MB,301
2022-9-29 19:51:54,3ed4c0a1c9d6,hadoop-slave8.1.9m2kxmpyhrjrdkxrpnr0gnb63,0.64%,18.39,/,125.5GiB,14.66%,159GB,/,98.5GB,6.43GB,/,109MB,301
2022-09-29 19:51:55,3ed4c0a1c9d6,hadoop-slave8.1.9m2kxmpyhrjrdkxrpnr0gnb63,0.63%,18.39,/,125.5GiB,14.66%,159GB,/,98.5GB,6.43GB,/,109MB,301
2022-9-29 19:51:56,3ed4c0a1c9d6,hadoop-slave8.1.9m2kxmpyhrjrdkxrpnr0gnb63,0.62%,18.39,/,125.5GiB,14.66%,159GB,/,98.5GB,6.43GB,/,109MB,301
2022-09-29 19:51:57,3ed4c0a1c9d6,hadoop-slave8.1.9m2kxmpyhrjrdkxrpnr0gnb63,0.65%,18.39,/,125.5GiB,14.66%,159GB,/,98.5GB,6.43GB,/,109MB,301
2022-09-29 19:51:58,3ed4c0a1c9d6,hadoop-slave8.1.9m2kxmpyhrjrdkxrpnr0gnb63,0.65%,18.39,/,125.5GiB,14.66%,159GB,/,98.5GB,6.43GB,/,109MB,301
2022-9-29 19:51:59,3ed4c0a1c9d6,hadoop-slave8.1.9m2kxmpyhrjrdkxrpnr0gnb63,0.68%,18.39,/,125.5GiB,14.66%,159GB,/,98.5GB,6.43GB,/,109MB,301
2022-09-29 19:52:00,3ed4c0a1c9d6,hadoop-slave8.1.9m2kxmpyhrjrdkxrpnr0gnb63,0.61%,18.39,/,125.5GiB,14.66%,159GB,/,98.5GB,6.43GB,/,109MB,301
2022-9-29 19:52:01,3ed4c0a1c9d6,hadoop-slave8.1.9m2kxmpyhrjrdkxrpnr0gnb63,0.54%,18.39,/,125.5GiB,14.66%,159GB,/,98.5GB,6.43GB,/,109MB,301
2022-09-29 19:52:02,3ed4c0a1c9d6,hadoop-slave8.1.9m2kxmpyhrjrdkxrpnr0gnb63,0.57%,18.39,/,125.5GiB,14.66%,159GB,/,98.5GB,6.43GB,/,109MB,301
2022-9-29 19:52:03,3ed4c0a1c9d6,hadoop-slave8.1.9m2kxmpyhrjrdkxrpnr0gnb63,0.60%,18.39,/,125.5GiB,14.66%,159GB,/,98.5GB,6.43GB,/,109MB,301
2022-09-29 19:52:04,3ed4c0a1c9d6,hadoop-slave8.1.9m2kxmpyhrjrdkxrpnr0gnb63,0.6%,18.39,/,125.5GiB,14.66%,159GB,/,98.5GB,6.43GB,/,109MB,301
2022-9-29 19:52:05,3ed4c0a1c9d6,hadoop-slave8.1.9m2kxmpyhrjrdkxrpnr0gnb63,0.60%,18.39,/,125.5GiB,14.66%,159GB,/,98.5GB,6.43GB,/,109MB,301
2022-09-29 19:52:06,3ed4c0a1c9d6,hadoop-slave8.1.9m2kxmpyhrjrdkxrpnr0gnb63,0.61%,18.39,/,125.5GiB,14.66%,159GB,/,98.5GB,6.43GB,/,109MB,301
2022-9-29 19:52:07,3ed4c0a1c9d6,hadoop-slave8.1.9m2kxmpyhrjrdkxrpnr0gnb63,0.62%,18.39,/,125.5GiB,14.66%,159GB,/,98.5GB,6.43GB,/,109MB,301
2022-09-29 19:52:08,3ed4c0a1c9d6,hadoop-slave8.1.9m2kxmpyhrjrdkxrpnr0gnb63,0.69%,18.39,/,125.5GiB,14.66%,159GB,/,98.5GB,6.43GB,/,109MB,301
2022-9-29 19:52:09,3ed4c0a1c9d6,hadoop-slave8.1.9m2kxmpyhrjrdkxrpnr0gnb63,0.75%,18.39,/,125.5GiB,14.66%,159GB,/,98.5GB,6.43GB,/,109MB,301
2022-09-29 19:52:10,3ed4c0a1c9d6,hadoop-slave8.1.9m2kxmpyhrjrdkxrpnr0gnb63,0.68%,18.39,/,125.5GiB,14.66%,159GB,/,98.5GB,6.43GB,/,109MB,301
2022-9-29 19:52:11,3ed4c0a1c9d6,hadoop-slave8.1.9m2kxmpyhrjrdkxrpnr0gnb63,0.60%,18.39,/,125.5GiB,14.66%,159GB,/,98.5GB,6.43GB,/,109MB,301
2022-09-29 19:52:12,3ed4c0a1c9d6,hadoop-slave8.1.9m2kxmpyhrjrdkxrpnr0gnb63,0.61%,18.39,/,125.5GiB,14.66%,159GB,/,98.5GB,6.43GB,/,109MB,301
2022-9-29 19:52:13,3ed4c0a1c9d6,hadoop-slave8.1.9m2kxmpyhrjrdkxrpnr0gnb63,0.63%,18.39,/,125.5GiB,14.66%,159GB,/,98.5GB,6.43GB,/,109MB,301
2022-09-29 19:52:14,3ed4c0a1c9d6,hadoop-slave8.1.9m2kxmpyhrjrdkxrpnr0gnb63,0.68%,18.39,/,125.5GiB,14.66%,159GB,/,98.5GB,6.43GB,/,109MB,301
2022-9-29 19:52:15,3ed4c0a1c9d6,hadoop-slave8.1.9m2kxmpyhrjrdkxrpnr0gnb63,0.72%,18.39,/,125.5GiB,14.66%,159GB,/,98.5GB,6.43GB,/,109MB,301
2022-09-29 19:52:16,3ed4c0a1c9d6,hadoop-slave8.1.9m2kxmpyhrjrdkxrpnr0gnb63,0.69%,18.39,/,125.5GiB,14.66%,159GB,/,98.5GB,6.43GB,/,109MB,301
2022-9-29 19:52:17,3ed4c0a1c9d6,hadoop-slave8.1.9m2kxmpyhrjrdkxrpnr0gnb63,0.65%,18.39,/,125.5GiB,14.66%,159GB,/,98.5GB,6.43GB,/,109MB,301
2022-09-29 19:52:18,3ed4c0a1c9d6,hadoop-slave8.1.9m2kxmpyhrjrdkxrpnr0gnb63,0.68%,18.39,/,125.5GiB,14.66%,159GB,/,98.5GB,6.43GB,/,109MB,301
2022-9-29 19:52:19,3ed4c0a1c9d6,hadoop-slave8.1.9m2kxmpyhrjrdkxrpnr0gnb63,0.70%,18.39,/,125.5GiB,14.66%,159GB,/,98.5GB,6.43GB,/,109MB,301
2022-09-29 19:52:20,3ed4c0a1c9d6,hadoop-slave8.1.9m2kxmpyhrjrdkxrpnr0gnb63,0.67%,18.39,/,125.5GiB,14.66%,159GB,/,98.5GB,6.43GB,/,109MB,301
2022-9-29 19:52:21,3ed4c0a1c9d6,hadoop-slave8.1.9m2kxmpyhrjrdkxrpnr0gnb63,0.63%,18.39,/,125.5GiB,14.66%,159GB,/,98.5GB,6.43GB,/,109MB,301
2022-09-29 19:52:22,3ed4c0a1c9d6,hadoop-slave8.1.9m2kxmpyhrjrdkxrpnr0gnb63,0.64%,18.39,/,125.5GiB,14.66%,159GB,/,98.5GB,6.43GB,/,109MB,301
2022-9-29 19:52:23,3ed4c0a1c9d6,hadoop-slave8.1.9m2kxmpyhrjrdkxrpnr0gnb63,0.65%,18.39,/,125.5GiB,14.66%,159GB,/,98.5GB,6.43GB,/,109MB,301
2022-09-29 19:52:24,3ed4c0a1c9d6,hadoop-slave8.1.9m2kxmpyhrjrdkxrpnr0gnb63,0.66%,18.39,/,125.5GiB,14.66%,159GB,/,98.5GB,6.43GB,/,109MB,301
2022-9-29 19:52:25,3ed4c0a1c9d6,hadoop-slave8.1.9m2kxmpyhrjrdkxrpnr0gnb63,0.66%,18.39,/,125.5GiB,14.66%,159GB,/,98.5GB,6.43GB,/,109MB,301
2022-09-29 19:52:26,3ed4c0a1c9d6,hadoop-slave8.1.9m2kxmpyhrjrdkxrpnr0gnb63,0.68%,18.39,/,125.5GiB,14.66%,159GB,/,98.5GB,6.43GB,/,109MB,301
2022-9-29 19:52:27,3ed4c0a1c9d6,hadoop-slave8.1.9m2kxmpyhrjrdkxrpnr0gnb63,0.70%,18.39,/,125.5GiB,14.66%,159GB,/,98.5GB,6.43GB,/,109MB,301
2022-09-29 19:52:28,3ed4c0a1c9d6,hadoop-slave8.1.9m2kxmpyhrjrdkxrpnr0gnb63,0.72%,18.39,/,125.5GiB,14.66%,159GB,/,98.5GB,6.43GB,/,109MB,301
2022-9-29 19:52:29,3ed4c0a1c9d6,hadoop-slave8.1.9m2kxmpyhrjrdkxrpnr0gnb63,0.75%,18.39,/,125.5GiB,14.66%,159GB,/,98.5GB,6.43GB,/,109MB,301
2022-09-29 19:52:30,3ed4c0a1c9d6,hadoop-slave8.1.9m2kxmpyhrjrdkxrpnr0gnb63,0.75%,18.39,/,125.5GiB,14.66%,159GB,/,98.5GB,6.43GB,/,109MB,301
2022-09-29 19:52:31,3ed4c0a1c9d6,hadoop-slave8.1.9m2kxmpyhrjrdkxrpnr0gnb63,0.75%,18.39,/,125.5GiB,14.66%,159GB,/,98.5GB,6.43GB,/,109MB,301
2022-9-29 19:52:32,3ed4c0a1c9d6,hadoop-slave8.1.9m2kxmpyhrjrdkxrpnr0gnb63,0.75%,18.39,/,125.5GiB,14.66%,159GB,/,98.5GB,6.43GB,/,109MB,301
2022-09-29 19:52:33,3ed4c0a1c9d6,hadoop-slave8.1.9m2kxmpyhrjrdkxrpnr0gnb63,0.78%,18.39,/,125.5GiB,14.66%,159GB,/,98.5GB,6.43GB,/,109MB,301
2022-9-29 19:52:34,3ed4c0a1c9d6,hadoop-slave8.1.9m2kxmpyhrjrdkxrpnr0gnb63,0.80%,18.39,/,125.5GiB,14.66%,159GB,/,98.5GB,6.43GB,/,109MB,301
2022-09-29 19:52:35,3ed4c0a1c9d6,hadoop-slave8.1.9m2kxmpyhrjrdkxrpnr0gnb63,0.76%,18.39,/,125.5GiB,14.66%,159GB,/,98.5GB,6.43GB,/,109MB,301
2022-9-29 19:52:36,3ed4c0a1c9d6,hadoop-slave8.1.9m2kxmpyhrjrdkxrpnr0gnb63,0.71%,18.39,/,125.5GiB,14.66%,159GB,/,98.5GB,6.43GB,/,109MB,301
2022-09-29 19:52:37,3ed4c0a1c9d6,hadoop-slave8.1.9m2kxmpyhrjrdkxrpnr0gnb63,0.62%,18.39,/,125.5GiB,14.66%,159GB,/,98.5GB,6.43GB,/,109MB,301
2022-9-29 19:52:38,3ed4c0a1c9d6,hadoop-slave8.1.9m2kxmpyhrjrdkxrpnr0gnb63,0.54%,18.39,/,125.5GiB,14.66%,159GB,/,98.5GB,6.43GB,/,109MB,301
2022-09-29 19:52:39,3ed4c0a1c9d6,hadoop-slave8.1.9m2kxmpyhrjrdkxrpnr0gnb63,0.55%,18.39,/,125.5GiB,14.66%,159GB,/,98.5GB,6.43GB,/,109MB,301
2022-9-29 19:52:40,3ed4c0a1c9d6,hadoop-slave8.1.9m2kxmpyhrjrdkxrpnr0gnb63,0.57%,18.39,/,125.5GiB,14.66%,159GB,/,98.5GB,6.43GB,/,109MB,301
2022-09-29 19:52:41,3ed4c0a1c9d6,hadoop-slave8.1.9m2kxmpyhrjrdkxrpnr0gnb63,0.61%,18.39,/,125.5GiB,14.66%,159GB,/,98.5GB,6.43GB,/,109MB,301
2022-9-29 19:52:42,3ed4c0a1c9d6,hadoop-slave8.1.9m2kxmpyhrjrdkxrpnr0gnb63,0.65%,18.39,/,125.5GiB,14.66%,159GB,/,98.5GB,6.43GB,/,109MB,301
2022-09-29 19:52:43,3ed4c0a1c9d6,hadoop-slave8.1.9m2kxmpyhrjrdkxrpnr0gnb63,0.62%,18.39,/,125.5GiB,14.66%,159GB,/,98.5GB,6.43GB,/,109MB,301
2022-9-29 19:52:44,3ed4c0a1c9d6,hadoop-slave8.1.9m2kxmpyhrjrdkxrpnr0gnb63,0.60%,18.39,/,125.5GiB,14.66%,159GB,/,98.5GB,6.43GB,/,109MB,301
2022-09-29 19:52:45,3ed4c0a1c9d6,hadoop-slave8.1.9m2kxmpyhrjrdkxrpnr0gnb63,0.55%,18.39,/,125.5GiB,14.66%,159GB,/,98.5GB,6.43GB,/,109MB,301
2022-9-29 19:52:46,3ed4c0a1c9d6,hadoop-slave8.1.9m2kxmpyhrjrdkxrpnr0gnb63,0.51%,18.39,/,125.5GiB,14.66%,159GB,/,98.5GB,6.43GB,/,109MB,301
2022-09-29 19:52:47,3ed4c0a1c9d6,hadoop-slave8.1.9m2kxmpyhrjrdkxrpnr0gnb63,0.54%,18.39,/,125.5GiB,14.66%,159GB,/,98.5GB,6.43GB,/,109MB,301
2022-9-29 19:52:48,3ed4c0a1c9d6,hadoop-slave8.1.9m2kxmpyhrjrdkxrpnr0gnb63,0.58%,18.39,/,125.5GiB,14.66%,159GB,/,98.5GB,6.43GB,/,109MB,301
2022-09-29 19:52:49,3ed4c0a1c9d6,hadoop-slave8.1.9m2kxmpyhrjrdkxrpnr0gnb63,0.58%,18.39,/,125.5GiB,14.66%,159GB,/,98.5GB,6.43GB,/,109MB,301
2022-9-29 19:52:50,3ed4c0a1c9d6,hadoop-slave8.1.9m2kxmpyhrjrdkxrpnr0gnb63,0.59%,18.39,/,125.5GiB,14.66%,159GB,/,98.5GB,6.43GB,/,109MB,301
2022-09-29 19:52:51,3ed4c0a1c9d6,hadoop-slave8.1.9m2kxmpyhrjrdkxrpnr0gnb63,0.56%,18.39,/,125.5GiB,14.66%,159GB,/,98.5GB,6.43GB,/,109MB,301
2022-9-29 19:52:52,3ed4c0a1c9d6,hadoop-slave8.1.9m2kxmpyhrjrdkxrpnr0gnb63,0.54%,18.39,/,125.5GiB,14.66%,159GB,/,98.5GB,6.43GB,/,109MB,301
2022-09-29 19:52:53,3ed4c0a1c9d6,hadoop-slave8.1.9m2kxmpyhrjrdkxrpnr0gnb63,0.59%,18.39,/,125.5GiB,14.66%,159GB,/,98.5GB,6.43GB,/,109MB,301
2022-9-29 19:52:54,3ed4c0a1c9d6,hadoop-slave8.1.9m2kxmpyhrjrdkxrpnr0gnb63,0.65%,18.39,/,125.5GiB,14.66%,159GB,/,98.5GB,6.43GB,/,109MB,301
2022-09-29 19:52:55,3ed4c0a1c9d6,hadoop-slave8.1.9m2kxmpyhrjrdkxrpnr0gnb63,0.59%,18.39,/,125.5GiB,14.66%,159GB,/,98.5GB,6.43GB,/,109MB,301
2022-9-29 19:52:56,3ed4c0a1c9d6,hadoop-slave8.1.9m2kxmpyhrjrdkxrpnr0gnb63,0.53%,18.39,/,125.5GiB,14.66%,159GB,/,98.5GB,6.43GB,/,109MB,301
2022-09-29 19:52:57,3ed4c0a1c9d6,hadoop-slave8.1.9m2kxmpyhrjrdkxrpnr0gnb63,0.58%,18.39,/,125.5GiB,14.66%,159GB,/,98.5GB,6.43GB,/,109MB,301
2022-9-29 19:52:58,3ed4c0a1c9d6,hadoop-slave8.1.9m2kxmpyhrjrdkxrpnr0gnb63,0.63%,18.39,/,125.5GiB,14.66%,159GB,/,98.5GB,6.43GB,/,109MB,301
2022-09-29 19:52:59,3ed4c0a1c9d6,hadoop-slave8.1.9m2kxmpyhrjrdkxrpnr0gnb63,0.67%,18.39,/,125.5GiB,14.66%,159GB,/,98.5GB,6.43GB,/,109MB,301
2022-9-29 19:53:00,3ed4c0a1c9d6,hadoop-slave8.1.9m2kxmpyhrjrdkxrpnr0gnb63,0.71%,18.39,/,125.5GiB,14.66%,159GB,/,98.5GB,6.43GB,/,109MB,301
2022-09-29 19:53:01,3ed4c0a1c9d6,hadoop-slave8.1.9m2kxmpyhrjrdkxrpnr0gnb63,0.69%,18.39,/,125.5GiB,14.66%,159GB,/,98.5GB,6.43GB,/,109MB,301
2022-9-29 19:53:02,3ed4c0a1c9d6,hadoop-slave8.1.9m2kxmpyhrjrdkxrpnr0gnb63,0.67%,18.39,/,125.5GiB,14.66%,159GB,/,98.5GB,6.43GB,/,109MB,301
2022-09-29 19:53:03,3ed4c0a1c9d6,hadoop-slave8.1.9m2kxmpyhrjrdkxrpnr0gnb63,0.62%,18.39,/,125.5GiB,14.66%,159GB,/,98.5GB,6.43GB,/,109MB,301
2022-9-29 19:53:04,3ed4c0a1c9d6,hadoop-slave8.1.9m2kxmpyhrjrdkxrpnr0gnb63,0.57%,18.39,/,125.5GiB,14.66%,159GB,/,98.5GB,6.43GB,/,109MB,301
2022-09-29 19:53:05,3ed4c0a1c9d6,hadoop-slave8.1.9m2kxmpyhrjrdkxrpnr0gnb63,0.56%,18.39,/,125.5GiB,14.66%,159GB,/,98.5GB,6.43GB,/,109MB,301
2022-09-29 19:53:06,3ed4c0a1c9d6,hadoop-slave8.1.9m2kxmpyhrjrdkxrpnr0gnb63,0.56%,18.39,/,125.5GiB,14.66%,159GB,/,98.5GB,6.43GB,/,109MB,301
2022-9-29 19:53:07,3ed4c0a1c9d6,hadoop-slave8.1.9m2kxmpyhrjrdkxrpnr0gnb63,0.55%,18.39,/,125.5GiB,14.66%,159GB,/,98.5GB,6.43GB,/,109MB,301
2022-09-29 19:53:08,3ed4c0a1c9d6,hadoop-slave8.1.9m2kxmpyhrjrdkxrpnr0gnb63,0.66%,18.39,/,125.5GiB,14.66%,159GB,/,98.5GB,6.43GB,/,109MB,301
2022-9-29 19:53:09,3ed4c0a1c9d6,hadoop-slave8.1.9m2kxmpyhrjrdkxrpnr0gnb63,0.76%,18.39,/,125.5GiB,14.66%,159GB,/,98.5GB,6.43GB,/,109MB,301
2022-09-29 19:53:10,3ed4c0a1c9d6,hadoop-slave8.1.9m2kxmpyhrjrdkxrpnr0gnb63,0.64%,18.39,/,125.5GiB,14.66%,159GB,/,98.5GB,6.43GB,/,109MB,301
2022-9-29 19:53:11,3ed4c0a1c9d6,hadoop-slave8.1.9m2kxmpyhrjrdkxrpnr0gnb63,0.52%,18.39,/,125.5GiB,14.66%,159GB,/,98.5GB,6.43GB,/,109MB,301
2022-09-29 19:53:12,3ed4c0a1c9d6,hadoop-slave8.1.9m2kxmpyhrjrdkxrpnr0gnb63,0.52%,18.39,/,125.5GiB,14.66%,159GB,/,98.5GB,6.43GB,/,109MB,301
2022-9-29 19:53:13,3ed4c0a1c9d6,hadoop-slave8.1.9m2kxmpyhrjrdkxrpnr0gnb63,0.52%,18.39,/,125.5GiB,14.66%,159GB,/,98.5GB,6.43GB,/,109MB,301
2022-09-29 19:53:14,3ed4c0a1c9d6,hadoop-slave8.1.9m2kxmpyhrjrdkxrpnr0gnb63,0.55%,18.39,/,125.5GiB,14.66%,159GB,/,98.5GB,6.43GB,/,109MB,301
2022-9-29 19:53:15,3ed4c0a1c9d6,hadoop-slave8.1.9m2kxmpyhrjrdkxrpnr0gnb63,0.58%,18.39,/,125.5GiB,14.66%,159GB,/,98.5GB,6.43GB,/,109MB,301
2022-09-29 19:53:16,3ed4c0a1c9d6,hadoop-slave8.1.9m2kxmpyhrjrdkxrpnr0gnb63,0.57%,18.39,/,125.5GiB,14.66%,159GB,/,98.5GB,6.43GB,/,109MB,301
2022-9-29 19:53:17,3ed4c0a1c9d6,hadoop-slave8.1.9m2kxmpyhrjrdkxrpnr0gnb63,0.56%,18.39,/,125.5GiB,14.66%,159GB,/,98.5GB,6.43GB,/,109MB,301
2022-09-29 19:53:18,3ed4c0a1c9d6,hadoop-slave8.1.9m2kxmpyhrjrdkxrpnr0gnb63,0.58%,18.39,/,125.5GiB,14.66%,159GB,/,98.5GB,6.43GB,/,109MB,301
2022-9-29 19:53:19,3ed4c0a1c9d6,hadoop-slave8.1.9m2kxmpyhrjrdkxrpnr0gnb63,0.61%,18.39,/,125.5GiB,14.66%,159GB,/,98.5GB,6.43GB,/,109MB,301
2022-09-29 19:53:20,3ed4c0a1c9d6,hadoop-slave8.1.9m2kxmpyhrjrdkxrpnr0gnb63,0.7%,18.39,/,125.5GiB,14.66%,159GB,/,98.5GB,6.43GB,/,109MB,301
2022-9-29 19:53:21,3ed4c0a1c9d6,hadoop-slave8.1.9m2kxmpyhrjrdkxrpnr0gnb63,0.78%,18.39,/,125.5GiB,14.66%,159GB,/,98.5GB,6.43GB,/,109MB,301
2022-09-29 19:53:22,3ed4c0a1c9d6,hadoop-slave8.1.9m2kxmpyhrjrdkxrpnr0gnb63,0.73%,18.39,/,125.5GiB,14.66%,159GB,/,98.5GB,6.43GB,/,109MB,301
2022-9-29 19:53:23,3ed4c0a1c9d6,hadoop-slave8.1.9m2kxmpyhrjrdkxrpnr0gnb63,0.68%,18.39,/,125.5GiB,14.66%,159GB,/,98.5GB,6.43GB,/,109MB,301
2022-09-29 19:53:24,3ed4c0a1c9d6,hadoop-slave8.1.9m2kxmpyhrjrdkxrpnr0gnb63,0.76%,18.39,/,125.5GiB,14.66%,159GB,/,98.5GB,6.43GB,/,109MB,301
2022-9-29 19:53:25,3ed4c0a1c9d6,hadoop-slave8.1.9m2kxmpyhrjrdkxrpnr0gnb63,0.83%,18.39,/,125.5GiB,14.66%,159GB,/,98.5GB,6.43GB,/,109MB,301
2022-09-29 19:53:26,3ed4c0a1c9d6,hadoop-slave8.1.9m2kxmpyhrjrdkxrpnr0gnb63,0.86%,18.39,/,125.5GiB,14.66%,159GB,/,98.5GB,6.43GB,/,109MB,301
2022-9-29 19:53:27,3ed4c0a1c9d6,hadoop-slave8.1.9m2kxmpyhrjrdkxrpnr0gnb63,0.90%,18.39,/,125.5GiB,14.66%,159GB,/,98.5GB,6.43GB,/,109MB,301
2022-09-29 19:53:28,3ed4c0a1c9d6,hadoop-slave8.1.9m2kxmpyhrjrdkxrpnr0gnb63,0.84%,18.39,/,125.5GiB,14.66%,159GB,/,98.5GB,6.43GB,/,109MB,301
2022-9-29 19:53:29,3ed4c0a1c9d6,hadoop-slave8.1.9m2kxmpyhrjrdkxrpnr0gnb63,0.79%,18.39,/,125.5GiB,14.66%,159GB,/,98.5GB,6.43GB,/,109MB,301
2022-09-29 19:53:30,3ed4c0a1c9d6,hadoop-slave8.1.9m2kxmpyhrjrdkxrpnr0gnb63,0.71%,18.39,/,125.5GiB,14.66%,159GB,/,98.5GB,6.43GB,/,109MB,301
2022-9-29 19:53:31,3ed4c0a1c9d6,hadoop-slave8.1.9m2kxmpyhrjrdkxrpnr0gnb63,0.62%,18.39,/,125.5GiB,14.66%,159GB,/,98.5GB,6.43GB,/,109MB,301
2022-09-29 19:53:32,3ed4c0a1c9d6,hadoop-slave8.1.9m2kxmpyhrjrdkxrpnr0gnb63,0.62%,18.39,/,125.5GiB,14.66%,159GB,/,98.5GB,6.43GB,/,109MB,301
2022-9-29 19:53:33,3ed4c0a1c9d6,hadoop-slave8.1.9m2kxmpyhrjrdkxrpnr0gnb63,0.63%,18.39,/,125.5GiB,14.66%,159GB,/,98.5GB,6.43GB,/,109MB,301
2022-09-29 19:53:34,3ed4c0a1c9d6,hadoop-slave8.1.9m2kxmpyhrjrdkxrpnr0gnb63,0.68%,18.39,/,125.5GiB,14.66%,159GB,/,98.5GB,6.43GB,/,109MB,301
2022-9-29 19:53:35,3ed4c0a1c9d6,hadoop-slave8.1.9m2kxmpyhrjrdkxrpnr0gnb63,0.72%,18.39,/,125.5GiB,14.66%,159GB,/,98.5GB,6.43GB,/,109MB,301
2022-09-29 19:53:36,3ed4c0a1c9d6,hadoop-slave8.1.9m2kxmpyhrjrdkxrpnr0gnb63,0.76%,18.39,/,125.5GiB,14.66%,159GB,/,98.5GB,6.43GB,/,109MB,301
2022-9-29 19:53:37,3ed4c0a1c9d6,hadoop-slave8.1.9m2kxmpyhrjrdkxrpnr0gnb63,0.80%,18.39,/,125.5GiB,14.66%,159GB,/,98.5GB,6.43GB,/,109MB,301
2022-09-29 19:53:38,3ed4c0a1c9d6,hadoop-slave8.1.9m2kxmpyhrjrdkxrpnr0gnb63,0.78%,18.39,/,125.5GiB,14.66%,159GB,/,98.5GB,6.43GB,/,109MB,301
2022-09-29 19:53:39,3ed4c0a1c9d6,hadoop-slave8.1.9m2kxmpyhrjrdkxrpnr0gnb63,0.78%,18.39,/,125.5GiB,14.66%,159GB,/,98.5GB,6.43GB,/,109MB,301
2022-9-29 19:53:40,3ed4c0a1c9d6,hadoop-slave8.1.9m2kxmpyhrjrdkxrpnr0gnb63,0.75%,18.39,/,125.5GiB,14.66%,159GB,/,98.5GB,6.43GB,/,109MB,301
2022-09-29 19:53:41,3ed4c0a1c9d6,hadoop-slave8.1.9m2kxmpyhrjrdkxrpnr0gnb63,0.78%,18.39,/,125.5GiB,14.66%,159GB,/,98.5GB,6.43GB,/,109MB,301
2022-9-29 19:53:42,3ed4c0a1c9d6,hadoop-slave8.1.9m2kxmpyhrjrdkxrpnr0gnb63,0.80%,18.39,/,125.5GiB,14.66%,159GB,/,98.5GB,6.43GB,/,109MB,301
2022-09-29 19:53:43,3ed4c0a1c9d6,hadoop-slave8.1.9m2kxmpyhrjrdkxrpnr0gnb63,0.81%,18.39,/,125.5GiB,14.66%,159GB,/,98.5GB,6.43GB,/,109MB,301
2022-9-29 19:53:44,3ed4c0a1c9d6,hadoop-slave8.1.9m2kxmpyhrjrdkxrpnr0gnb63,0.81%,18.39,/,125.5GiB,14.66%,159GB,/,98.5GB,6.43GB,/,109MB,301
2022-09-29 19:53:45,3ed4c0a1c9d6,hadoop-slave8.1.9m2kxmpyhrjrdkxrpnr0gnb63,1.19%,18.39,/,125.5GiB,14.66%,159GB,/,98.5GB,6.43GB,/,109MB,301
2022-9-29 19:53:46,3ed4c0a1c9d6,hadoop-slave8.1.9m2kxmpyhrjrdkxrpnr0gnb63,1.57%,18.39,/,125.5GiB,14.66%,159GB,/,98.5GB,6.43GB,/,109MB,301
2022-09-29 19:53:47,3ed4c0a1c9d6,hadoop-slave8.1.9m2kxmpyhrjrdkxrpnr0gnb63,1.09%,18.39,/,125.5GiB,14.66%,159GB,/,98.5GB,6.43GB,/,109MB,301
2022-9-29 19:53:48,3ed4c0a1c9d6,hadoop-slave8.1.9m2kxmpyhrjrdkxrpnr0gnb63,0.62%,18.39,/,125.5GiB,14.66%,159GB,/,98.5GB,6.43GB,/,109MB,301
2022-09-29 19:53:49,3ed4c0a1c9d6,hadoop-slave8.1.9m2kxmpyhrjrdkxrpnr0gnb63,0.78%,18.39,/,125.5GiB,14.66%,159GB,/,98.5GB,6.43GB,/,109MB,301
2022-9-29 19:53:50,3ed4c0a1c9d6,hadoop-slave8.1.9m2kxmpyhrjrdkxrpnr0gnb63,0.93%,18.39,/,125.5GiB,14.66%,159GB,/,98.5GB,6.43GB,/,109MB,301
2022-09-29 19:53:51,3ed4c0a1c9d6,hadoop-slave8.1.9m2kxmpyhrjrdkxrpnr0gnb63,0.96%,18.39,/,125.5GiB,14.66%,159GB,/,98.5GB,6.43GB,/,109MB,301
2022-9-29 19:53:52,3ed4c0a1c9d6,hadoop-slave8.1.9m2kxmpyhrjrdkxrpnr0gnb63,0.98%,18.39,/,125.5GiB,14.66%,159GB,/,98.5GB,6.43GB,/,109MB,301
2022-09-29 19:53:53,3ed4c0a1c9d6,hadoop-slave8.1.9m2kxmpyhrjrdkxrpnr0gnb63,0.85%,18.39,/,125.5GiB,14.66%,159GB,/,98.5GB,6.43GB,/,109MB,301
2022-9-29 19:53:54,3ed4c0a1c9d6,hadoop-slave8.1.9m2kxmpyhrjrdkxrpnr0gnb63,0.72%,18.39,/,125.5GiB,14.66%,159GB,/,98.5GB,6.43GB,/,109MB,301
2022-09-29 19:53:55,3ed4c0a1c9d6,hadoop-slave8.1.9m2kxmpyhrjrdkxrpnr0gnb63,0.66%,18.39,/,125.5GiB,14.66%,159GB,/,98.5GB,6.43GB,/,109MB,301
2022-9-29 19:53:56,3ed4c0a1c9d6,hadoop-slave8.1.9m2kxmpyhrjrdkxrpnr0gnb63,0.59%,18.39,/,125.5GiB,14.66%,159GB,/,98.5GB,6.43GB,/,109MB,301
2022-09-29 19:53:57,3ed4c0a1c9d6,hadoop-slave8.1.9m2kxmpyhrjrdkxrpnr0gnb63,0.57%,18.39,/,125.5GiB,14.66%,159GB,/,98.5GB,6.43GB,/,109MB,301
2022-9-29 19:53:58,3ed4c0a1c9d6,hadoop-slave8.1.9m2kxmpyhrjrdkxrpnr0gnb63,0.55%,18.39,/,125.5GiB,14.66%,159GB,/,98.5GB,6.43GB,/,109MB,301
2022-09-29 19:53:59,3ed4c0a1c9d6,hadoop-slave8.1.9m2kxmpyhrjrdkxrpnr0gnb63,0.61%,18.39,/,125.5GiB,14.66%,159GB,/,98.5GB,6.43GB,/,109MB,301
2022-9-29 19:54:00,3ed4c0a1c9d6,hadoop-slave8.1.9m2kxmpyhrjrdkxrpnr0gnb63,0.67%,18.39,/,125.5GiB,14.66%,159GB,/,98.5GB,6.43GB,/,109MB,301
2022-09-29 19:54:01,3ed4c0a1c9d6,hadoop-slave8.1.9m2kxmpyhrjrdkxrpnr0gnb63,0.66%,18.39,/,125.5GiB,14.66%,159GB,/,98.5GB,6.43GB,/,109MB,301
2022-9-29 19:54:02,3ed4c0a1c9d6,hadoop-slave8.1.9m2kxmpyhrjrdkxrpnr0gnb63,0.64%,18.39,/,125.5GiB,14.66%,159GB,/,98.5GB,6.43GB,/,109MB,301
2022-09-29 19:54:03,3ed4c0a1c9d6,hadoop-slave8.1.9m2kxmpyhrjrdkxrpnr0gnb63,0.65%,18.39,/,125.5GiB,14.66%,159GB,/,98.5GB,6.43GB,/,109MB,301
2022-9-29 19:54:04,3ed4c0a1c9d6,hadoop-slave8.1.9m2kxmpyhrjrdkxrpnr0gnb63,0.66%,18.39,/,125.5GiB,14.66%,159GB,/,98.5GB,6.43GB,/,109MB,301
2022-09-29 19:54:05,3ed4c0a1c9d6,hadoop-slave8.1.9m2kxmpyhrjrdkxrpnr0gnb63,0.63%,18.39,/,125.5GiB,14.66%,159GB,/,98.5GB,6.43GB,/,109MB,301
2022-9-29 19:54:06,3ed4c0a1c9d6,hadoop-slave8.1.9m2kxmpyhrjrdkxrpnr0gnb63,0.60%,18.39,/,125.5GiB,14.66%,159GB,/,98.5GB,6.43GB,/,109MB,301
2022-09-29 19:54:07,3ed4c0a1c9d6,hadoop-slave8.1.9m2kxmpyhrjrdkxrpnr0gnb63,0.63%,18.39,/,125.5GiB,14.66%,159GB,/,98.5GB,6.43GB,/,109MB,301
2022-9-29 19:54:08,3ed4c0a1c9d6,hadoop-slave8.1.9m2kxmpyhrjrdkxrpnr0gnb63,0.66%,18.39,/,125.5GiB,14.66%,159GB,/,98.5GB,6.43GB,/,109MB,301
2022-09-29 19:54:09,3ed4c0a1c9d6,hadoop-slave8.1.9m2kxmpyhrjrdkxrpnr0gnb63,0.6%,18.39,/,125.5GiB,14.66%,159GB,/,98.5GB,6.43GB,/,109MB,301
2022-9-29 19:54:10,3ed4c0a1c9d6,hadoop-slave8.1.9m2kxmpyhrjrdkxrpnr0gnb63,0.54%,18.39,/,125.5GiB,14.66%,159GB,/,98.5GB,6.43GB,/,109MB,301
2022-09-29 19:54:11,3ed4c0a1c9d6,hadoop-slave8.1.9m2kxmpyhrjrdkxrpnr0gnb63,0.54%,18.39,/,125.5GiB,14.66%,159GB,/,98.5GB,6.43GB,/,109MB,301
2022-09-29 19:54:12,3ed4c0a1c9d6,hadoop-slave8.1.9m2kxmpyhrjrdkxrpnr0gnb63,0.54%,18.39,/,125.5GiB,14.66%,159GB,/,98.5GB,6.43GB,/,109MB,301
2022-9-29 19:54:13,3ed4c0a1c9d6,hadoop-slave8.1.9m2kxmpyhrjrdkxrpnr0gnb63,0.54%,18.39,/,125.5GiB,14.66%,159GB,/,98.5GB,6.43GB,/,109MB,301
2022-09-29 19:54:14,3ed4c0a1c9d6,hadoop-slave8.1.9m2kxmpyhrjrdkxrpnr0gnb63,0.58%,18.39,/,125.5GiB,14.66%,159GB,/,98.5GB,6.43GB,/,109MB,301
2022-9-29 19:54:15,3ed4c0a1c9d6,hadoop-slave8.1.9m2kxmpyhrjrdkxrpnr0gnb63,0.63%,18.39,/,125.5GiB,14.66%,159GB,/,98.5GB,6.43GB,/,109MB,301
2022-09-29 19:54:16,3ed4c0a1c9d6,hadoop-slave8.1.9m2kxmpyhrjrdkxrpnr0gnb63,0.58%,18.39,/,125.5GiB,14.66%,159GB,/,98.5GB,6.43GB,/,109MB,301
2022-9-29 19:54:17,3ed4c0a1c9d6,hadoop-slave8.1.9m2kxmpyhrjrdkxrpnr0gnb63,0.53%,18.39,/,125.5GiB,14.66%,159GB,/,98.5GB,6.43GB,/,109MB,301
2022-09-29 19:54:18,3ed4c0a1c9d6,hadoop-slave8.1.9m2kxmpyhrjrdkxrpnr0gnb63,0.56%,18.39,/,125.5GiB,14.66%,159GB,/,98.5GB,6.43GB,/,109MB,301
2022-9-29 19:54:19,3ed4c0a1c9d6,hadoop-slave8.1.9m2kxmpyhrjrdkxrpnr0gnb63,0.59%,18.39,/,125.5GiB,14.66%,159GB,/,98.5GB,6.43GB,/,109MB,301
2022-09-29 19:54:20,3ed4c0a1c9d6,hadoop-slave8.1.9m2kxmpyhrjrdkxrpnr0gnb63,0.65%,18.39,/,125.5GiB,14.66%,159GB,/,98.5GB,6.43GB,/,109MB,301
2022-9-29 19:54:21,3ed4c0a1c9d6,hadoop-slave8.1.9m2kxmpyhrjrdkxrpnr0gnb63,0.71%,18.39,/,125.5GiB,14.66%,159GB,/,98.5GB,6.43GB,/,109MB,301
2022-09-29 19:54:22,3ed4c0a1c9d6,hadoop-slave8.1.9m2kxmpyhrjrdkxrpnr0gnb63,0.6%,18.39,/,125.5GiB,14.66%,159GB,/,98.5GB,6.43GB,/,109MB,301
2022-9-29 19:54:23,3ed4c0a1c9d6,hadoop-slave8.1.9m2kxmpyhrjrdkxrpnr0gnb63,0.50%,18.39,/,125.5GiB,14.66%,159GB,/,98.5GB,6.43GB,/,109MB,301
2022-09-29 19:54:24,3ed4c0a1c9d6,hadoop-slave8.1.9m2kxmpyhrjrdkxrpnr0gnb63,0.58%,18.39,/,125.5GiB,14.66%,159GB,/,98.5GB,6.43GB,/,109MB,301
2022-9-29 19:54:25,3ed4c0a1c9d6,hadoop-slave8.1.9m2kxmpyhrjrdkxrpnr0gnb63,0.67%,18.39,/,125.5GiB,14.66%,159GB,/,98.5GB,6.43GB,/,109MB,301
2022-09-29 19:54:26,3ed4c0a1c9d6,hadoop-slave8.1.9m2kxmpyhrjrdkxrpnr0gnb63,0.69%,18.39,/,125.5GiB,14.66%,159GB,/,98.5GB,6.43GB,/,109MB,301
2022-9-29 19:54:27,3ed4c0a1c9d6,hadoop-slave8.1.9m2kxmpyhrjrdkxrpnr0gnb63,0.70%,18.39,/,125.5GiB,14.66%,159GB,/,98.5GB,6.43GB,/,109MB,301
2022-09-29 19:54:28,3ed4c0a1c9d6,hadoop-slave8.1.9m2kxmpyhrjrdkxrpnr0gnb63,0.69%,18.39,/,125.5GiB,14.66%,159GB,/,98.5GB,6.43GB,/,109MB,301
2022-9-29 19:54:29,3ed4c0a1c9d6,hadoop-slave8.1.9m2kxmpyhrjrdkxrpnr0gnb63,0.68%,18.39,/,125.5GiB,14.66%,159GB,/,98.5GB,6.43GB,/,109MB,301
2022-09-29 19:54:30,3ed4c0a1c9d6,hadoop-slave8.1.9m2kxmpyhrjrdkxrpnr0gnb63,0.6%,18.39,/,125.5GiB,14.66%,159GB,/,98.5GB,6.43GB,/,109MB,301
2022-9-29 19:54:31,3ed4c0a1c9d6,hadoop-slave8.1.9m2kxmpyhrjrdkxrpnr0gnb63,0.53%,18.39,/,125.5GiB,14.66%,159GB,/,98.5GB,6.43GB,/,109MB,301
2022-09-29 19:54:32,3ed4c0a1c9d6,hadoop-slave8.1.9m2kxmpyhrjrdkxrpnr0gnb63,0.57%,18.39,/,125.5GiB,14.66%,159GB,/,98.5GB,6.43GB,/,109MB,301
2022-9-29 19:54:33,3ed4c0a1c9d6,hadoop-slave8.1.9m2kxmpyhrjrdkxrpnr0gnb63,0.61%,18.39,/,125.5GiB,14.66%,159GB,/,98.5GB,6.43GB,/,109MB,301
2022-09-29 19:54:34,3ed4c0a1c9d6,hadoop-slave8.1.9m2kxmpyhrjrdkxrpnr0gnb63,0.56%,18.39,/,125.5GiB,14.66%,159GB,/,98.5GB,6.43GB,/,109MB,301
2022-9-29 19:54:35,3ed4c0a1c9d6,hadoop-slave8.1.9m2kxmpyhrjrdkxrpnr0gnb63,0.51%,18.39,/,125.5GiB,14.66%,159GB,/,98.5GB,6.43GB,/,109MB,301
2022-09-29 19:54:36,3ed4c0a1c9d6,hadoop-slave8.1.9m2kxmpyhrjrdkxrpnr0gnb63,0.51%,18.39,/,125.5GiB,14.66%,159GB,/,98.5GB,6.43GB,/,109MB,301
2022-9-29 19:54:37,3ed4c0a1c9d6,hadoop-slave8.1.9m2kxmpyhrjrdkxrpnr0gnb63,0.51%,18.39,/,125.5GiB,14.66%,159GB,/,98.5GB,6.43GB,/,109MB,301
2022-09-29 19:54:38,3ed4c0a1c9d6,hadoop-slave8.1.9m2kxmpyhrjrdkxrpnr0gnb63,0.58%,18.39,/,125.5GiB,14.66%,159GB,/,98.5GB,6.43GB,/,109MB,301
2022-9-29 19:54:39,3ed4c0a1c9d6,hadoop-slave8.1.9m2kxmpyhrjrdkxrpnr0gnb63,0.66%,18.39,/,125.5GiB,14.66%,159GB,/,98.5GB,6.43GB,/,109MB,301
2022-09-29 19:54:40,3ed4c0a1c9d6,hadoop-slave8.1.9m2kxmpyhrjrdkxrpnr0gnb63,0.58%,18.39,/,125.5GiB,14.66%,159GB,/,98.5GB,6.43GB,/,109MB,301
2022-9-29 19:54:41,3ed4c0a1c9d6,hadoop-slave8.1.9m2kxmpyhrjrdkxrpnr0gnb63,0.51%,18.39,/,125.5GiB,14.66%,159GB,/,98.5GB,6.43GB,/,109MB,301
2022-09-29 19:54:42,3ed4c0a1c9d6,hadoop-slave8.1.9m2kxmpyhrjrdkxrpnr0gnb63,0.53%,18.39,/,125.5GiB,14.66%,159GB,/,98.5GB,6.43GB,/,109MB,301
2022-9-29 19:54:43,3ed4c0a1c9d6,hadoop-slave8.1.9m2kxmpyhrjrdkxrpnr0gnb63,0.55%,18.39,/,125.5GiB,14.66%,159GB,/,98.5GB,6.43GB,/,109MB,301
2022-09-29 19:54:44,3ed4c0a1c9d6,hadoop-slave8.1.9m2kxmpyhrjrdkxrpnr0gnb63,0.54%,18.39,/,125.5GiB,14.66%,159GB,/,98.5GB,6.43GB,/,109MB,301
2022-9-29 19:54:45,3ed4c0a1c9d6,hadoop-slave8.1.9m2kxmpyhrjrdkxrpnr0gnb63,0.52%,18.39,/,125.5GiB,14.66%,159GB,/,98.5GB,6.43GB,/,109MB,301
2022-09-29 19:54:46,3ed4c0a1c9d6,hadoop-slave8.1.9m2kxmpyhrjrdkxrpnr0gnb63,0.55%,18.39,/,125.5GiB,14.66%,159GB,/,98.5GB,6.43GB,/,109MB,301
2022-09-29 19:54:47,3ed4c0a1c9d6,hadoop-slave8.1.9m2kxmpyhrjrdkxrpnr0gnb63,0.55%,18.39,/,125.5GiB,14.66%,159GB,/,98.5GB,6.43GB,/,109MB,301
2022-9-29 19:54:48,3ed4c0a1c9d6,hadoop-slave8.1.9m2kxmpyhrjrdkxrpnr0gnb63,0.59%,18.39,/,125.5GiB,14.66%,159GB,/,98.5GB,6.43GB,/,109MB,301
2022-09-29 19:54:49,3ed4c0a1c9d6,hadoop-slave8.1.9m2kxmpyhrjrdkxrpnr0gnb63,0.58%,18.39,/,125.5GiB,14.66%,159GB,/,98.5GB,6.43GB,/,109MB,301
2022-9-29 19:54:50,3ed4c0a1c9d6,hadoop-slave8.1.9m2kxmpyhrjrdkxrpnr0gnb63,0.57%,18.39,/,125.5GiB,14.66%,159GB,/,98.5GB,6.43GB,/,109MB,301
2022-09-29 19:54:51,3ed4c0a1c9d6,hadoop-slave8.1.9m2kxmpyhrjrdkxrpnr0gnb63,0.55%,18.39,/,125.5GiB,14.66%,159GB,/,98.5GB,6.43GB,/,109MB,301
2022-9-29 19:54:52,3ed4c0a1c9d6,hadoop-slave8.1.9m2kxmpyhrjrdkxrpnr0gnb63,0.54%,18.39,/,125.5GiB,14.66%,159GB,/,98.5GB,6.43GB,/,109MB,301
2022-09-29 19:54:53,3ed4c0a1c9d6,hadoop-slave8.1.9m2kxmpyhrjrdkxrpnr0gnb63,0.66%,18.39,/,125.5GiB,14.66%,159GB,/,98.5GB,6.43GB,/,109MB,301
2022-9-29 19:54:54,3ed4c0a1c9d6,hadoop-slave8.1.9m2kxmpyhrjrdkxrpnr0gnb63,0.77%,18.39,/,125.5GiB,14.66%,159GB,/,98.5GB,6.43GB,/,109MB,301
2022-09-29 19:54:55,3ed4c0a1c9d6,hadoop-slave8.1.9m2kxmpyhrjrdkxrpnr0gnb63,0.68%,18.39,/,125.5GiB,14.66%,159GB,/,98.5GB,6.43GB,/,109MB,301
2022-9-29 19:54:56,3ed4c0a1c9d6,hadoop-slave8.1.9m2kxmpyhrjrdkxrpnr0gnb63,0.58%,18.39,/,125.5GiB,14.66%,159GB,/,98.5GB,6.43GB,/,109MB,301
2022-09-29 19:54:57,3ed4c0a1c9d6,hadoop-slave8.1.9m2kxmpyhrjrdkxrpnr0gnb63,0.56%,18.39,/,125.5GiB,14.66%,159GB,/,98.5GB,6.43GB,/,109MB,301
2022-9-29 19:54:58,3ed4c0a1c9d6,hadoop-slave8.1.9m2kxmpyhrjrdkxrpnr0gnb63,0.54%,18.39,/,125.5GiB,14.66%,159GB,/,98.5GB,6.43GB,/,109MB,301
2022-09-29 19:54:59,3ed4c0a1c9d6,hadoop-slave8.1.9m2kxmpyhrjrdkxrpnr0gnb63,0.59%,18.39,/,125.5GiB,14.66%,159GB,/,98.5GB,6.43GB,/,109MB,301
2022-9-29 19:55:00,3ed4c0a1c9d6,hadoop-slave8.1.9m2kxmpyhrjrdkxrpnr0gnb63,0.65%,18.39,/,125.5GiB,14.66%,159GB,/,98.5GB,6.43GB,/,109MB,301
2022-09-29 19:55:01,3ed4c0a1c9d6,hadoop-slave8.1.9m2kxmpyhrjrdkxrpnr0gnb63,0.62%,18.39,/,125.5GiB,14.66%,159GB,/,98.5GB,6.43GB,/,109MB,301
2022-9-29 19:55:02,3ed4c0a1c9d6,hadoop-slave8.1.9m2kxmpyhrjrdkxrpnr0gnb63,0.59%,18.39,/,125.5GiB,14.66%,159GB,/,98.5GB,6.43GB,/,109MB,301
2022-09-29 19:55:03,3ed4c0a1c9d6,hadoop-slave8.1.9m2kxmpyhrjrdkxrpnr0gnb63,0.62%,18.39,/,125.5GiB,14.66%,159GB,/,98.5GB,6.43GB,/,109MB,301
2022-9-29 19:55:04,3ed4c0a1c9d6,hadoop-slave8.1.9m2kxmpyhrjrdkxrpnr0gnb63,0.66%,18.39,/,125.5GiB,14.66%,159GB,/,98.5GB,6.43GB,/,109MB,301
2022-09-29 19:55:05,3ed4c0a1c9d6,hadoop-slave8.1.9m2kxmpyhrjrdkxrpnr0gnb63,0.65%,18.39,/,125.5GiB,14.66%,159GB,/,98.5GB,6.43GB,/,109MB,301
2022-9-29 19:55:06,3ed4c0a1c9d6,hadoop-slave8.1.9m2kxmpyhrjrdkxrpnr0gnb63,0.64%,18.39,/,125.5GiB,14.66%,159GB,/,98.5GB,6.43GB,/,109MB,301
2022-09-29 19:55:07,3ed4c0a1c9d6,hadoop-slave8.1.9m2kxmpyhrjrdkxrpnr0gnb63,0.61%,18.39,/,125.5GiB,14.66%,159GB,/,98.5GB,6.43GB,/,109MB,301
2022-9-29 19:55:08,3ed4c0a1c9d6,hadoop-slave8.1.9m2kxmpyhrjrdkxrpnr0gnb63,0.58%,18.39,/,125.5GiB,14.66%,159GB,/,98.5GB,6.43GB,/,109MB,301
2022-09-29 19:55:09,3ed4c0a1c9d6,hadoop-slave8.1.9m2kxmpyhrjrdkxrpnr0gnb63,0.6%,18.39,/,125.5GiB,14.66%,159GB,/,98.5GB,6.43GB,/,109MB,301
2022-9-29 19:55:10,3ed4c0a1c9d6,hadoop-slave8.1.9m2kxmpyhrjrdkxrpnr0gnb63,0.62%,18.39,/,125.5GiB,14.66%,159GB,/,98.5GB,6.43GB,/,109MB,301
2022-09-29 19:55:11,3ed4c0a1c9d6,hadoop-slave8.1.9m2kxmpyhrjrdkxrpnr0gnb63,0.65%,18.39,/,125.5GiB,14.66%,159GB,/,98.5GB,6.43GB,/,109MB,301
2022-9-29 19:55:12,3ed4c0a1c9d6,hadoop-slave8.1.9m2kxmpyhrjrdkxrpnr0gnb63,0.68%,18.39,/,125.5GiB,14.66%,159GB,/,98.5GB,6.43GB,/,109MB,301
2022-09-29 19:55:13,3ed4c0a1c9d6,hadoop-slave8.1.9m2kxmpyhrjrdkxrpnr0gnb63,0.71%,18.39,/,125.5GiB,14.66%,159GB,/,98.5GB,6.43GB,/,109MB,301
2022-9-29 19:55:14,3ed4c0a1c9d6,hadoop-slave8.1.9m2kxmpyhrjrdkxrpnr0gnb63,0.74%,18.39,/,125.5GiB,14.66%,159GB,/,98.5GB,6.43GB,/,109MB,301
2022-09-29 19:55:15,3ed4c0a1c9d6,hadoop-slave8.1.9m2kxmpyhrjrdkxrpnr0gnb63,0.68%,18.39,/,125.5GiB,14.66%,159GB,/,98.5GB,6.43GB,/,109MB,301
2022-9-29 19:55:16,3ed4c0a1c9d6,hadoop-slave8.1.9m2kxmpyhrjrdkxrpnr0gnb63,0.61%,18.39,/,125.5GiB,14.66%,159GB,/,98.5GB,6.43GB,/,109MB,301
2022-09-29 19:55:17,3ed4c0a1c9d6,hadoop-slave8.1.9m2kxmpyhrjrdkxrpnr0gnb63,0.6%,18.39,/,125.5GiB,14.66%,159GB,/,98.5GB,6.43GB,/,109MB,301
2022-9-29 19:55:18,3ed4c0a1c9d6,hadoop-slave8.1.9m2kxmpyhrjrdkxrpnr0gnb63,0.59%,18.39,/,125.5GiB,14.66%,159GB,/,98.5GB,6.43GB,/,109MB,301
2022-09-29 19:55:19,3ed4c0a1c9d6,hadoop-slave8.1.9m2kxmpyhrjrdkxrpnr0gnb63,0.59%,18.39,/,125.5GiB,14.66%,159GB,/,98.5GB,6.43GB,/,109MB,301
2022-09-29 19:55:20,3ed4c0a1c9d6,hadoop-slave8.1.9m2kxmpyhrjrdkxrpnr0gnb63,0.59%,18.39,/,125.5GiB,14.66%,159GB,/,98.5GB,6.43GB,/,109MB,301
2022-9-29 19:55:21,3ed4c0a1c9d6,hadoop-slave8.1.9m2kxmpyhrjrdkxrpnr0gnb63,0.59%,18.39,/,125.5GiB,14.66%,159GB,/,98.5GB,6.43GB,/,109MB,301
2022-09-29 19:55:22,3ed4c0a1c9d6,hadoop-slave8.1.9m2kxmpyhrjrdkxrpnr0gnb63,0.55%,18.39,/,125.5GiB,14.66%,159GB,/,98.5GB,6.43GB,/,109MB,301
2022-9-29 19:55:23,3ed4c0a1c9d6,hadoop-slave8.1.9m2kxmpyhrjrdkxrpnr0gnb63,0.51%,18.39,/,125.5GiB,14.66%,159GB,/,98.5GB,6.43GB,/,109MB,301
2022-09-29 19:55:24,3ed4c0a1c9d6,hadoop-slave8.1.9m2kxmpyhrjrdkxrpnr0gnb63,0.51%,18.39,/,125.5GiB,14.66%,159GB,/,98.5GB,6.43GB,/,109MB,301
2022-9-29 19:55:25,3ed4c0a1c9d6,hadoop-slave8.1.9m2kxmpyhrjrdkxrpnr0gnb63,0.51%,18.39,/,125.5GiB,14.66%,159GB,/,98.5GB,6.43GB,/,109MB,301
2022-09-29 19:55:26,3ed4c0a1c9d6,hadoop-slave8.1.9m2kxmpyhrjrdkxrpnr0gnb63,0.6%,18.39,/,125.5GiB,14.66%,159GB,/,98.5GB,6.43GB,/,109MB,301
2022-9-29 19:55:27,3ed4c0a1c9d6,hadoop-slave8.1.9m2kxmpyhrjrdkxrpnr0gnb63,0.70%,18.39,/,125.5GiB,14.66%,159GB,/,98.5GB,6.43GB,/,109MB,301
2022-09-29 19:55:28,3ed4c0a1c9d6,hadoop-slave8.1.9m2kxmpyhrjrdkxrpnr0gnb63,0.73%,18.39,/,125.5GiB,14.66%,159GB,/,98.5GB,6.43GB,/,109MB,301
2022-9-29 19:55:29,3ed4c0a1c9d6,hadoop-slave8.1.9m2kxmpyhrjrdkxrpnr0gnb63,0.76%,18.39,/,125.5GiB,14.66%,159GB,/,98.5GB,6.43GB,/,109MB,301
2022-09-29 19:55:30,3ed4c0a1c9d6,hadoop-slave8.1.9m2kxmpyhrjrdkxrpnr0gnb63,0.68%,18.39,/,125.5GiB,14.66%,159GB,/,98.5GB,6.43GB,/,109MB,301
2022-9-29 19:55:31,3ed4c0a1c9d6,hadoop-slave8.1.9m2kxmpyhrjrdkxrpnr0gnb63,0.59%,18.39,/,125.5GiB,14.66%,159GB,/,98.5GB,6.43GB,/,109MB,301
2022-09-29 19:55:32,3ed4c0a1c9d6,hadoop-slave8.1.9m2kxmpyhrjrdkxrpnr0gnb63,0.58%,18.39,/,125.5GiB,14.66%,159GB,/,98.5GB,6.43GB,/,109MB,301
2022-9-29 19:55:33,3ed4c0a1c9d6,hadoop-slave8.1.9m2kxmpyhrjrdkxrpnr0gnb63,0.58%,18.39,/,125.5GiB,14.66%,159GB,/,98.5GB,6.43GB,/,109MB,301
2022-09-29 19:55:34,3ed4c0a1c9d6,hadoop-slave8.1.9m2kxmpyhrjrdkxrpnr0gnb63,0.7%,18.39,/,125.5GiB,14.66%,159GB,/,98.5GB,6.43GB,/,109MB,301
2022-9-29 19:55:35,3ed4c0a1c9d6,hadoop-slave8.1.9m2kxmpyhrjrdkxrpnr0gnb63,0.81%,18.39,/,125.5GiB,14.66%,159GB,/,98.5GB,6.43GB,/,109MB,301
2022-09-29 19:55:36,3ed4c0a1c9d6,hadoop-slave8.1.9m2kxmpyhrjrdkxrpnr0gnb63,0.74%,18.39,/,125.5GiB,14.66%,159GB,/,98.5GB,6.43GB,/,109MB,301
2022-9-29 19:55:37,3ed4c0a1c9d6,hadoop-slave8.1.9m2kxmpyhrjrdkxrpnr0gnb63,0.67%,18.39,/,125.5GiB,14.66%,159GB,/,98.5GB,6.43GB,/,109MB,301
2022-09-29 19:55:38,3ed4c0a1c9d6,hadoop-slave8.1.9m2kxmpyhrjrdkxrpnr0gnb63,0.68%,18.39,/,125.5GiB,14.66%,159GB,/,98.5GB,6.43GB,/,109MB,301
2022-9-29 19:55:39,3ed4c0a1c9d6,hadoop-slave8.1.9m2kxmpyhrjrdkxrpnr0gnb63,0.68%,18.39,/,125.5GiB,14.66%,159GB,/,98.5GB,6.43GB,/,109MB,301
2022-09-29 19:55:40,3ed4c0a1c9d6,hadoop-slave8.1.9m2kxmpyhrjrdkxrpnr0gnb63,0.68%,18.39,/,125.5GiB,14.66%,159GB,/,98.5GB,6.43GB,/,109MB,301
2022-9-29 19:55:41,3ed4c0a1c9d6,hadoop-slave8.1.9m2kxmpyhrjrdkxrpnr0gnb63,0.67%,18.39,/,125.5GiB,14.66%,159GB,/,98.5GB,6.43GB,/,109MB,301
2022-09-29 19:55:42,3ed4c0a1c9d6,hadoop-slave8.1.9m2kxmpyhrjrdkxrpnr0gnb63,0.64%,18.39,/,125.5GiB,14.66%,159GB,/,98.5GB,6.43GB,/,109MB,301
2022-9-29 19:55:43,3ed4c0a1c9d6,hadoop-slave8.1.9m2kxmpyhrjrdkxrpnr0gnb63,0.60%,18.39,/,125.5GiB,14.66%,159GB,/,98.5GB,6.43GB,/,109MB,301
2022-09-29 19:55:44,3ed4c0a1c9d6,hadoop-slave8.1.9m2kxmpyhrjrdkxrpnr0gnb63,0.59%,18.39,/,125.5GiB,14.66%,159GB,/,98.5GB,6.43GB,/,109MB,301
2022-9-29 19:55:45,3ed4c0a1c9d6,hadoop-slave8.1.9m2kxmpyhrjrdkxrpnr0gnb63,0.59%,18.39,/,125.5GiB,14.66%,159GB,/,98.5GB,6.43GB,/,109MB,301
2022-09-29 19:55:46,3ed4c0a1c9d6,hadoop-slave8.1.9m2kxmpyhrjrdkxrpnr0gnb63,0.55%,18.39,/,125.5GiB,14.66%,159GB,/,98.5GB,6.43GB,/,109MB,301
2022-9-29 19:55:47,3ed4c0a1c9d6,hadoop-slave8.1.9m2kxmpyhrjrdkxrpnr0gnb63,0.52%,18.39,/,125.5GiB,14.66%,159GB,/,98.5GB,6.43GB,/,109MB,301
2022-09-29 19:55:48,3ed4c0a1c9d6,hadoop-slave8.1.9m2kxmpyhrjrdkxrpnr0gnb63,0.58%,18.39,/,125.5GiB,14.66%,159GB,/,98.5GB,6.43GB,/,109MB,301
2022-9-29 19:55:49,3ed4c0a1c9d6,hadoop-slave8.1.9m2kxmpyhrjrdkxrpnr0gnb63,0.64%,18.39,/,125.5GiB,14.66%,159GB,/,98.5GB,6.43GB,/,109MB,301
2022-09-29 19:55:50,3ed4c0a1c9d6,hadoop-slave8.1.9m2kxmpyhrjrdkxrpnr0gnb63,0.58%,18.39,/,125.5GiB,14.66%,159GB,/,98.5GB,6.43GB,/,109MB,301
2022-9-29 19:55:51,3ed4c0a1c9d6,hadoop-slave8.1.9m2kxmpyhrjrdkxrpnr0gnb63,0.52%,18.39,/,125.5GiB,14.66%,159GB,/,98.5GB,6.43GB,/,109MB,301
2022-09-29 19:55:52,3ed4c0a1c9d6,hadoop-slave8.1.9m2kxmpyhrjrdkxrpnr0gnb63,0.58%,18.39,/,125.5GiB,14.66%,159GB,/,98.5GB,6.43GB,/,109MB,301
2022-9-29 19:55:53,3ed4c0a1c9d6,hadoop-slave8.1.9m2kxmpyhrjrdkxrpnr0gnb63,0.65%,18.39,/,125.5GiB,14.66%,159GB,/,98.5GB,6.43GB,/,109MB,301
2022-09-29 19:55:54,3ed4c0a1c9d6,hadoop-slave8.1.9m2kxmpyhrjrdkxrpnr0gnb63,0.59%,18.39,/,125.5GiB,14.66%,159GB,/,98.5GB,6.43GB,/,109MB,301
2022-09-29 19:55:55,3ed4c0a1c9d6,hadoop-slave8.1.9m2kxmpyhrjrdkxrpnr0gnb63,0.59%,18.39,/,125.5GiB,14.66%,159GB,/,98.5GB,6.43GB,/,109MB,301
2022-9-29 19:55:56,3ed4c0a1c9d6,hadoop-slave8.1.9m2kxmpyhrjrdkxrpnr0gnb63,0.54%,18.39,/,125.5GiB,14.66%,159GB,/,98.5GB,6.43GB,/,109MB,301
2022-09-29 19:55:57,3ed4c0a1c9d6,hadoop-slave8.1.9m2kxmpyhrjrdkxrpnr0gnb63,0.55%,18.39,/,125.5GiB,14.66%,159GB,/,98.5GB,6.43GB,/,109MB,301
2022-9-29 19:55:58,3ed4c0a1c9d6,hadoop-slave8.1.9m2kxmpyhrjrdkxrpnr0gnb63,0.56%,18.39,/,125.5GiB,14.66%,159GB,/,98.5GB,6.43GB,/,109MB,301
2022-09-29 19:55:59,3ed4c0a1c9d6,hadoop-slave8.1.9m2kxmpyhrjrdkxrpnr0gnb63,0.57%,18.39,/,125.5GiB,14.66%,159GB,/,98.5GB,6.43GB,/,109MB,301
2022-9-29 19:56:00,3ed4c0a1c9d6,hadoop-slave8.1.9m2kxmpyhrjrdkxrpnr0gnb63,0.59%,18.39,/,125.5GiB,14.66%,159GB,/,98.5GB,6.43GB,/,109MB,301
2022-09-29 19:56:01,3ed4c0a1c9d6,hadoop-slave8.1.9m2kxmpyhrjrdkxrpnr0gnb63,0.54%,18.39,/,125.5GiB,14.66%,159GB,/,98.5GB,6.43GB,/,109MB,301
2022-9-29 19:56:02,3ed4c0a1c9d6,hadoop-slave8.1.9m2kxmpyhrjrdkxrpnr0gnb63,0.50%,18.39,/,125.5GiB,14.66%,159GB,/,98.5GB,6.43GB,/,109MB,301
2022-09-29 19:56:03,3ed4c0a1c9d6,hadoop-slave8.1.9m2kxmpyhrjrdkxrpnr0gnb63,0.56%,18.39,/,125.5GiB,14.66%,159GB,/,98.5GB,6.43GB,/,109MB,301
2022-9-29 19:56:04,3ed4c0a1c9d6,hadoop-slave8.1.9m2kxmpyhrjrdkxrpnr0gnb63,0.62%,18.39,/,125.5GiB,14.66%,159GB,/,98.5GB,6.43GB,/,109MB,301
2022-09-29 19:56:05,3ed4c0a1c9d6,hadoop-slave8.1.9m2kxmpyhrjrdkxrpnr0gnb63,0.6%,18.39,/,125.5GiB,14.66%,159GB,/,98.5GB,6.43GB,/,109MB,301
2022-9-29 19:56:06,3ed4c0a1c9d6,hadoop-slave8.1.9m2kxmpyhrjrdkxrpnr0gnb63,0.58%,18.39,/,125.5GiB,14.66%,159GB,/,98.5GB,6.43GB,/,109MB,301
2022-09-29 19:56:07,3ed4c0a1c9d6,hadoop-slave8.1.9m2kxmpyhrjrdkxrpnr0gnb63,0.54%,18.39,/,125.5GiB,14.66%,159GB,/,98.5GB,6.43GB,/,109MB,301
2022-9-29 19:56:08,3ed4c0a1c9d6,hadoop-slave8.1.9m2kxmpyhrjrdkxrpnr0gnb63,0.51%,18.39,/,125.5GiB,14.66%,159GB,/,98.5GB,6.43GB,/,109MB,301
2022-09-29 19:56:09,3ed4c0a1c9d6,hadoop-slave8.1.9m2kxmpyhrjrdkxrpnr0gnb63,0.5%,18.39,/,125.5GiB,14.66%,159GB,/,98.5GB,6.43GB,/,109MB,301
2022-9-29 19:56:10,3ed4c0a1c9d6,hadoop-slave8.1.9m2kxmpyhrjrdkxrpnr0gnb63,0.49%,18.39,/,125.5GiB,14.66%,159GB,/,98.5GB,6.43GB,/,109MB,301
2022-09-29 19:56:11,3ed4c0a1c9d6,hadoop-slave8.1.9m2kxmpyhrjrdkxrpnr0gnb63,0.55%,18.39,/,125.5GiB,14.66%,159GB,/,98.5GB,6.43GB,/,109MB,301
2022-9-29 19:56:12,3ed4c0a1c9d6,hadoop-slave8.1.9m2kxmpyhrjrdkxrpnr0gnb63,0.61%,18.39,/,125.5GiB,14.66%,159GB,/,98.5GB,6.43GB,/,109MB,301
2022-09-29 19:56:13,3ed4c0a1c9d6,hadoop-slave8.1.9m2kxmpyhrjrdkxrpnr0gnb63,0.63%,18.39,/,125.5GiB,14.66%,159GB,/,98.5GB,6.43GB,/,109MB,301
2022-9-29 19:56:14,3ed4c0a1c9d6,hadoop-slave8.1.9m2kxmpyhrjrdkxrpnr0gnb63,0.65%,18.39,/,125.5GiB,14.66%,159GB,/,98.5GB,6.43GB,/,109MB,301
2022-09-29 19:56:15,3ed4c0a1c9d6,hadoop-slave8.1.9m2kxmpyhrjrdkxrpnr0gnb63,0.58%,18.39,/,125.5GiB,14.66%,159GB,/,98.5GB,6.43GB,/,109MB,301
2022-9-29 19:56:16,3ed4c0a1c9d6,hadoop-slave8.1.9m2kxmpyhrjrdkxrpnr0gnb63,0.51%,18.39,/,125.5GiB,14.66%,159GB,/,98.5GB,6.43GB,/,109MB,301
2022-09-29 19:56:17,3ed4c0a1c9d6,hadoop-slave8.1.9m2kxmpyhrjrdkxrpnr0gnb63,0.54%,18.39,/,125.5GiB,14.66%,159GB,/,98.5GB,6.43GB,/,109MB,301
2022-9-29 19:56:18,3ed4c0a1c9d6,hadoop-slave8.1.9m2kxmpyhrjrdkxrpnr0gnb63,0.58%,18.39,/,125.5GiB,14.66%,159GB,/,98.5GB,6.43GB,/,109MB,301
2022-09-29 19:56:19,3ed4c0a1c9d6,hadoop-slave8.1.9m2kxmpyhrjrdkxrpnr0gnb63,0.54%,18.39,/,125.5GiB,14.66%,159GB,/,98.5GB,6.43GB,/,109MB,301
2022-9-29 19:56:20,3ed4c0a1c9d6,hadoop-slave8.1.9m2kxmpyhrjrdkxrpnr0gnb63,0.50%,18.39,/,125.5GiB,14.66%,159GB,/,98.5GB,6.43GB,/,109MB,301
2022-09-29 19:56:21,3ed4c0a1c9d6,hadoop-slave8.1.9m2kxmpyhrjrdkxrpnr0gnb63,0.5%,18.39,/,125.5GiB,14.66%,159GB,/,98.5GB,6.43GB,/,109MB,301
2022-9-29 19:56:22,3ed4c0a1c9d6,hadoop-slave8.1.9m2kxmpyhrjrdkxrpnr0gnb63,0.50%,18.39,/,125.5GiB,14.66%,159GB,/,98.5GB,6.43GB,/,109MB,301
2022-09-29 19:56:23,3ed4c0a1c9d6,hadoop-slave8.1.9m2kxmpyhrjrdkxrpnr0gnb63,0.54%,18.39,/,125.5GiB,14.66%,159GB,/,98.5GB,6.43GB,/,109MB,301
2022-9-29 19:56:24,3ed4c0a1c9d6,hadoop-slave8.1.9m2kxmpyhrjrdkxrpnr0gnb63,0.59%,18.39,/,125.5GiB,14.66%,159GB,/,98.5GB,6.43GB,/,109MB,301
2022-09-29 19:56:25,3ed4c0a1c9d6,hadoop-slave8.1.9m2kxmpyhrjrdkxrpnr0gnb63,0.57%,18.39,/,125.5GiB,14.66%,159GB,/,98.5GB,6.43GB,/,109MB,301
2022-9-29 19:56:26,3ed4c0a1c9d6,hadoop-slave8.1.9m2kxmpyhrjrdkxrpnr0gnb63,0.56%,18.39,/,125.5GiB,14.66%,159GB,/,98.5GB,6.43GB,/,109MB,301
2022-09-29 19:56:27,3ed4c0a1c9d6,hadoop-slave8.1.9m2kxmpyhrjrdkxrpnr0gnb63,0.57%,18.39,/,125.5GiB,14.66%,159GB,/,98.5GB,6.43GB,/,109MB,301
2022-09-29 19:56:28,3ed4c0a1c9d6,hadoop-slave8.1.9m2kxmpyhrjrdkxrpnr0gnb63,0.57%,18.39,/,125.5GiB,14.66%,159GB,/,98.5GB,6.43GB,/,109MB,301
2022-9-29 19:56:29,3ed4c0a1c9d6,hadoop-slave8.1.9m2kxmpyhrjrdkxrpnr0gnb63,0.58%,18.39,/,125.5GiB,14.66%,159GB,/,98.5GB,6.43GB,/,109MB,301
2022-09-29 19:56:30,3ed4c0a1c9d6,hadoop-slave8.1.9m2kxmpyhrjrdkxrpnr0gnb63,0.56%,18.39,/,125.5GiB,14.66%,159GB,/,98.5GB,6.43GB,/,109MB,301
2022-9-29 19:56:31,3ed4c0a1c9d6,hadoop-slave8.1.9m2kxmpyhrjrdkxrpnr0gnb63,0.54%,18.39,/,125.5GiB,14.66%,159GB,/,98.5GB,6.43GB,/,109MB,301
2022-09-29 19:56:32,3ed4c0a1c9d6,hadoop-slave8.1.9m2kxmpyhrjrdkxrpnr0gnb63,1.52%,18.39,/,125.5GiB,14.66%,159GB,/,98.5GB,6.43GB,/,109MB,301
2022-9-29 19:56:33,3ed4c0a1c9d6,hadoop-slave8.1.9m2kxmpyhrjrdkxrpnr0gnb63,2.50%,18.39,/,125.5GiB,14.66%,159GB,/,98.5GB,6.43GB,/,109MB,302
2022-09-29 19:56:34,3ed4c0a1c9d6,hadoop-slave8.1.9m2kxmpyhrjrdkxrpnr0gnb63,1.52%,18.39,/,125.5GiB,14.66%,159GB,/,98.5GB,6.43GB,/,109MB,302
2022-9-29 19:56:35,3ed4c0a1c9d6,hadoop-slave8.1.9m2kxmpyhrjrdkxrpnr0gnb63,0.53%,18.39,/,125.5GiB,14.66%,159GB,/,98.5GB,6.43GB,/,109MB,302
2022-09-29 19:56:36,3ed4c0a1c9d6,hadoop-slave8.1.9m2kxmpyhrjrdkxrpnr0gnb63,0.53%,18.39,/,125.5GiB,14.66%,159GB,/,98.5GB,6.43GB,/,109MB,302
2022-9-29 19:56:37,3ed4c0a1c9d6,hadoop-slave8.1.9m2kxmpyhrjrdkxrpnr0gnb63,0.52%,18.39,/,125.5GiB,14.66%,159GB,/,98.5GB,6.43GB,/,109MB,302
2022-09-29 19:56:38,3ed4c0a1c9d6,hadoop-slave8.1.9m2kxmpyhrjrdkxrpnr0gnb63,0.61%,18.39,/,125.5GiB,14.66%,159GB,/,98.5GB,6.43GB,/,109MB,302
2022-9-29 19:56:39,3ed4c0a1c9d6,hadoop-slave8.1.9m2kxmpyhrjrdkxrpnr0gnb63,0.70%,18.39,/,125.5GiB,14.66%,159GB,/,98.5GB,6.43GB,/,109MB,302
2022-09-29 19:56:40,3ed4c0a1c9d6,hadoop-slave8.1.9m2kxmpyhrjrdkxrpnr0gnb63,0.62%,18.39,/,125.5GiB,14.66%,159GB,/,98.5GB,6.43GB,/,109MB,302
2022-9-29 19:56:41,3ed4c0a1c9d6,hadoop-slave8.1.9m2kxmpyhrjrdkxrpnr0gnb63,0.54%,18.39,/,125.5GiB,14.66%,159GB,/,98.5GB,6.43GB,/,109MB,302
2022-09-29 19:56:42,3ed4c0a1c9d6,hadoop-slave8.1.9m2kxmpyhrjrdkxrpnr0gnb63,0.54%,18.39,/,125.5GiB,14.66%,159GB,/,98.5GB,6.43GB,/,109MB,302
2022-9-29 19:56:43,3ed4c0a1c9d6,hadoop-slave8.1.9m2kxmpyhrjrdkxrpnr0gnb63,0.53%,18.39,/,125.5GiB,14.66%,159GB,/,98.5GB,6.43GB,/,109MB,302
2022-09-29 19:56:44,3ed4c0a1c9d6,hadoop-slave8.1.9m2kxmpyhrjrdkxrpnr0gnb63,0.56%,18.39,/,125.5GiB,14.66%,159GB,/,98.5GB,6.43GB,/,109MB,302
2022-9-29 19:56:45,3ed4c0a1c9d6,hadoop-slave8.1.9m2kxmpyhrjrdkxrpnr0gnb63,0.60%,18.39,/,125.5GiB,14.66%,159GB,/,98.5GB,6.43GB,/,109MB,302
2022-09-29 19:56:46,3ed4c0a1c9d6,hadoop-slave8.1.9m2kxmpyhrjrdkxrpnr0gnb63,0.57%,18.39,/,125.5GiB,14.66%,159GB,/,98.5GB,6.43GB,/,109MB,302
2022-9-29 19:56:47,3ed4c0a1c9d6,hadoop-slave8.1.9m2kxmpyhrjrdkxrpnr0gnb63,0.54%,18.39,/,125.5GiB,14.66%,159GB,/,98.5GB,6.43GB,/,109MB,302
2022-09-29 19:56:48,3ed4c0a1c9d6,hadoop-slave8.1.9m2kxmpyhrjrdkxrpnr0gnb63,0.59%,18.39,/,125.5GiB,14.66%,159GB,/,98.5GB,6.43GB,/,109MB,302
2022-9-29 19:56:49,3ed4c0a1c9d6,hadoop-slave8.1.9m2kxmpyhrjrdkxrpnr0gnb63,0.65%,18.39,/,125.5GiB,14.66%,159GB,/,98.5GB,6.43GB,/,109MB,302
2022-09-29 19:56:50,3ed4c0a1c9d6,hadoop-slave8.1.9m2kxmpyhrjrdkxrpnr0gnb63,0.62%,18.39,/,125.5GiB,14.66%,159GB,/,98.5GB,6.43GB,/,109MB,302
2022-9-29 19:56:51,3ed4c0a1c9d6,hadoop-slave8.1.9m2kxmpyhrjrdkxrpnr0gnb63,0.59%,18.39,/,125.5GiB,14.66%,159GB,/,98.5GB,6.43GB,/,109MB,302
2022-09-29 19:56:52,3ed4c0a1c9d6,hadoop-slave8.1.9m2kxmpyhrjrdkxrpnr0gnb63,0.54%,18.39,/,125.5GiB,14.66%,159GB,/,98.5GB,6.43GB,/,109MB,302
2022-9-29 19:56:53,3ed4c0a1c9d6,hadoop-slave8.1.9m2kxmpyhrjrdkxrpnr0gnb63,0.50%,18.39,/,125.5GiB,14.66%,159GB,/,98.5GB,6.43GB,/,109MB,302
2022-09-29 19:56:54,3ed4c0a1c9d6,hadoop-slave8.1.9m2kxmpyhrjrdkxrpnr0gnb63,0.51%,18.39,/,125.5GiB,14.66%,159GB,/,98.5GB,6.43GB,/,109MB,302
2022-9-29 19:56:55,3ed4c0a1c9d6,hadoop-slave8.1.9m2kxmpyhrjrdkxrpnr0gnb63,0.52%,18.39,/,125.5GiB,14.66%,159GB,/,98.5GB,6.43GB,/,109MB,302
2022-09-29 19:56:56,3ed4c0a1c9d6,hadoop-slave8.1.9m2kxmpyhrjrdkxrpnr0gnb63,0.56%,18.39,/,125.5GiB,14.66%,159GB,/,98.5GB,6.43GB,/,109MB,302
2022-9-29 19:56:57,3ed4c0a1c9d6,hadoop-slave8.1.9m2kxmpyhrjrdkxrpnr0gnb63,0.60%,18.39,/,125.5GiB,14.66%,159GB,/,98.5GB,6.43GB,/,109MB,302
2022-09-29 19:56:58,3ed4c0a1c9d6,hadoop-slave8.1.9m2kxmpyhrjrdkxrpnr0gnb63,0.6%,18.39,/,125.5GiB,14.66%,159GB,/,98.5GB,6.43GB,/,109MB,302
2022-9-29 19:56:59,3ed4c0a1c9d6,hadoop-slave8.1.9m2kxmpyhrjrdkxrpnr0gnb63,0.61%,18.39,/,125.5GiB,14.66%,159GB,/,98.5GB,6.43GB,/,109MB,302
2022-09-29 19:57:00,3ed4c0a1c9d6,hadoop-slave8.1.9m2kxmpyhrjrdkxrpnr0gnb63,0.56%,18.39,/,125.5GiB,14.66%,159GB,/,98.5GB,6.43GB,/,109MB,302
2022-09-29 19:57:01,3ed4c0a1c9d6,hadoop-slave8.1.9m2kxmpyhrjrdkxrpnr0gnb63,0.56%,18.39,/,125.5GiB,14.66%,159GB,/,98.5GB,6.43GB,/,109MB,302
2022-9-29 19:57:02,3ed4c0a1c9d6,hadoop-slave8.1.9m2kxmpyhrjrdkxrpnr0gnb63,0.51%,18.39,/,125.5GiB,14.66%,159GB,/,98.5GB,6.43GB,/,109MB,302
2022-09-29 19:57:03,3ed4c0a1c9d6,hadoop-slave8.1.9m2kxmpyhrjrdkxrpnr0gnb63,0.56%,18.39,/,125.5GiB,14.66%,159GB,/,98.5GB,6.43GB,/,109MB,302
2022-9-29 19:57:04,3ed4c0a1c9d6,hadoop-slave8.1.9m2kxmpyhrjrdkxrpnr0gnb63,0.62%,18.39,/,125.5GiB,14.66%,159GB,/,98.5GB,6.43GB,/,109MB,302
2022-09-29 19:57:05,3ed4c0a1c9d6,hadoop-slave8.1.9m2kxmpyhrjrdkxrpnr0gnb63,0.6%,18.39,/,125.5GiB,14.66%,159GB,/,98.5GB,6.43GB,/,109MB,302
2022-9-29 19:57:06,3ed4c0a1c9d6,hadoop-slave8.1.9m2kxmpyhrjrdkxrpnr0gnb63,0.59%,18.39,/,125.5GiB,14.66%,159GB,/,98.5GB,6.43GB,/,109MB,302
2022-09-29 19:57:07,3ed4c0a1c9d6,hadoop-slave8.1.9m2kxmpyhrjrdkxrpnr0gnb63,0.56%,18.39,/,125.5GiB,14.66%,159GB,/,98.5GB,6.43GB,/,109MB,302
2022-9-29 19:57:08,3ed4c0a1c9d6,hadoop-slave8.1.9m2kxmpyhrjrdkxrpnr0gnb63,0.53%,18.39,/,125.5GiB,14.66%,159GB,/,98.5GB,6.43GB,/,109MB,302
2022-09-29 19:57:09,3ed4c0a1c9d6,hadoop-slave8.1.9m2kxmpyhrjrdkxrpnr0gnb63,0.54%,18.39,/,125.5GiB,14.66%,159GB,/,98.5GB,6.43GB,/,109MB,302
2022-9-29 19:57:10,3ed4c0a1c9d6,hadoop-slave8.1.9m2kxmpyhrjrdkxrpnr0gnb63,0.55%,18.39,/,125.5GiB,14.66%,159GB,/,98.5GB,6.43GB,/,109MB,302
2022-09-29 19:57:11,3ed4c0a1c9d6,hadoop-slave8.1.9m2kxmpyhrjrdkxrpnr0gnb63,0.59%,18.39,/,125.5GiB,14.66%,159GB,/,98.5GB,6.43GB,/,109MB,302
2022-9-29 19:57:12,3ed4c0a1c9d6,hadoop-slave8.1.9m2kxmpyhrjrdkxrpnr0gnb63,0.64%,18.39,/,125.5GiB,14.66%,159GB,/,98.5GB,6.43GB,/,109MB,302
2022-09-29 19:57:13,3ed4c0a1c9d6,hadoop-slave8.1.9m2kxmpyhrjrdkxrpnr0gnb63,0.62%,18.39,/,125.5GiB,14.66%,159GB,/,98.5GB,6.43GB,/,109MB,302
2022-9-29 19:57:14,3ed4c0a1c9d6,hadoop-slave8.1.9m2kxmpyhrjrdkxrpnr0gnb63,0.60%,18.39,/,125.5GiB,14.66%,159GB,/,98.5GB,6.43GB,/,109MB,302
2022-09-29 19:57:15,3ed4c0a1c9d6,hadoop-slave8.1.9m2kxmpyhrjrdkxrpnr0gnb63,0.57%,18.39,/,125.5GiB,14.66%,159GB,/,98.5GB,6.43GB,/,109MB,302
2022-9-29 19:57:16,3ed4c0a1c9d6,hadoop-slave8.1.9m2kxmpyhrjrdkxrpnr0gnb63,0.55%,18.39,/,125.5GiB,14.66%,159GB,/,98.5GB,6.43GB,/,109MB,302
2022-09-29 19:57:17,3ed4c0a1c9d6,hadoop-slave8.1.9m2kxmpyhrjrdkxrpnr0gnb63,0.57%,18.39,/,125.5GiB,14.66%,159GB,/,98.5GB,6.43GB,/,109MB,302
2022-9-29 19:57:18,3ed4c0a1c9d6,hadoop-slave8.1.9m2kxmpyhrjrdkxrpnr0gnb63,0.59%,18.39,/,125.5GiB,14.66%,159GB,/,98.5GB,6.43GB,/,109MB,302
2022-09-29 19:57:19,3ed4c0a1c9d6,hadoop-slave8.1.9m2kxmpyhrjrdkxrpnr0gnb63,0.56%,18.39,/,125.5GiB,14.66%,159GB,/,98.5GB,6.43GB,/,109MB,302
2022-9-29 19:57:20,3ed4c0a1c9d6,hadoop-slave8.1.9m2kxmpyhrjrdkxrpnr0gnb63,0.54%,18.39,/,125.5GiB,14.66%,159GB,/,98.5GB,6.43GB,/,109MB,302
2022-09-29 19:57:21,3ed4c0a1c9d6,hadoop-slave8.1.9m2kxmpyhrjrdkxrpnr0gnb63,0.53%,18.39,/,125.5GiB,14.66%,159GB,/,98.5GB,6.43GB,/,109MB,302
2022-9-29 19:57:22,3ed4c0a1c9d6,hadoop-slave8.1.9m2kxmpyhrjrdkxrpnr0gnb63,0.52%,18.39,/,125.5GiB,14.66%,159GB,/,98.5GB,6.43GB,/,109MB,302
2022-09-29 19:57:23,3ed4c0a1c9d6,hadoop-slave8.1.9m2kxmpyhrjrdkxrpnr0gnb63,0.61%,18.39,/,125.5GiB,14.66%,159GB,/,98.5GB,6.43GB,/,109MB,302
2022-9-29 19:57:24,3ed4c0a1c9d6,hadoop-slave8.1.9m2kxmpyhrjrdkxrpnr0gnb63,0.70%,18.39,/,125.5GiB,14.66%,159GB,/,98.5GB,6.43GB,/,109MB,302
2022-09-29 19:57:25,3ed4c0a1c9d6,hadoop-slave8.1.9m2kxmpyhrjrdkxrpnr0gnb63,0.61%,18.39,/,125.5GiB,14.66%,159GB,/,98.5GB,6.43GB,/,109MB,302
2022-9-29 19:57:26,3ed4c0a1c9d6,hadoop-slave8.1.9m2kxmpyhrjrdkxrpnr0gnb63,0.52%,18.39,/,125.5GiB,14.66%,159GB,/,98.5GB,6.43GB,/,109MB,302
2022-09-29 19:57:27,3ed4c0a1c9d6,hadoop-slave8.1.9m2kxmpyhrjrdkxrpnr0gnb63,0.51%,18.39,/,125.5GiB,14.66%,159GB,/,98.5GB,6.43GB,/,109MB,302
2022-9-29 19:57:28,3ed4c0a1c9d6,hadoop-slave8.1.9m2kxmpyhrjrdkxrpnr0gnb63,0.50%,18.39,/,125.5GiB,14.66%,159GB,/,98.5GB,6.43GB,/,109MB,302
2022-09-29 19:57:29,3ed4c0a1c9d6,hadoop-slave8.1.9m2kxmpyhrjrdkxrpnr0gnb63,0.55%,18.39,/,125.5GiB,14.66%,159GB,/,98.5GB,6.43GB,/,109MB,302
2022-9-29 19:57:30,3ed4c0a1c9d6,hadoop-slave8.1.9m2kxmpyhrjrdkxrpnr0gnb63,0.60%,18.39,/,125.5GiB,14.66%,159GB,/,98.5GB,6.43GB,/,109MB,302
2022-09-29 19:57:31,3ed4c0a1c9d6,hadoop-slave8.1.9m2kxmpyhrjrdkxrpnr0gnb63,0.59%,18.39,/,125.5GiB,14.66%,159GB,/,98.5GB,6.43GB,/,109MB,302
2022-9-29 19:57:32,3ed4c0a1c9d6,hadoop-slave8.1.9m2kxmpyhrjrdkxrpnr0gnb63,0.59%,18.39,/,125.5GiB,14.66%,159GB,/,98.5GB,6.43GB,/,109MB,302
2022-09-29 19:57:33,3ed4c0a1c9d6,hadoop-slave8.1.9m2kxmpyhrjrdkxrpnr0gnb63,0.57%,18.39,/,125.5GiB,14.66%,159GB,/,98.5GB,6.43GB,/,109MB,302
2022-09-29 19:57:34,3ed4c0a1c9d6,hadoop-slave8.1.9m2kxmpyhrjrdkxrpnr0gnb63,0.57%,18.39,/,125.5GiB,14.66%,159GB,/,98.5GB,6.43GB,/,109MB,302
2022-9-29 19:57:35,3ed4c0a1c9d6,hadoop-slave8.1.9m2kxmpyhrjrdkxrpnr0gnb63,0.55%,18.39,/,125.5GiB,14.66%,159GB,/,98.5GB,6.43GB,/,109MB,301
2022-09-29 19:57:36,3ed4c0a1c9d6,hadoop-slave8.1.9m2kxmpyhrjrdkxrpnr0gnb63,0.54%,18.39,/,125.5GiB,14.66%,159GB,/,98.5GB,6.43GB,/,109MB,301
2022-9-29 19:57:37,3ed4c0a1c9d6,hadoop-slave8.1.9m2kxmpyhrjrdkxrpnr0gnb63,0.52%,18.39,/,125.5GiB,14.66%,159GB,/,98.5GB,6.43GB,/,109MB,301
2022-09-29 19:57:38,3ed4c0a1c9d6,hadoop-slave8.1.9m2kxmpyhrjrdkxrpnr0gnb63,0.62%,18.39,/,125.5GiB,14.66%,159GB,/,98.5GB,6.43GB,/,109MB,301
2022-9-29 19:57:39,3ed4c0a1c9d6,hadoop-slave8.1.9m2kxmpyhrjrdkxrpnr0gnb63,0.72%,18.39,/,125.5GiB,14.66%,159GB,/,98.5GB,6.43GB,/,109MB,301
2022-09-29 19:57:40,3ed4c0a1c9d6,hadoop-slave8.1.9m2kxmpyhrjrdkxrpnr0gnb63,0.61%,18.39,/,125.5GiB,14.66%,159GB,/,98.5GB,6.43GB,/,109MB,301
2022-9-29 19:57:41,3ed4c0a1c9d6,hadoop-slave8.1.9m2kxmpyhrjrdkxrpnr0gnb63,0.50%,18.39,/,125.5GiB,14.66%,159GB,/,98.5GB,6.43GB,/,109MB,301
2022-09-29 19:57:42,3ed4c0a1c9d6,hadoop-slave8.1.9m2kxmpyhrjrdkxrpnr0gnb63,0.51%,18.39,/,125.5GiB,14.66%,159GB,/,98.5GB,6.43GB,/,109MB,301
2022-9-29 19:57:43,3ed4c0a1c9d6,hadoop-slave8.1.9m2kxmpyhrjrdkxrpnr0gnb63,0.52%,18.39,/,125.5GiB,14.66%,159GB,/,98.5GB,6.43GB,/,109MB,301
2022-09-29 19:57:44,3ed4c0a1c9d6,hadoop-slave8.1.9m2kxmpyhrjrdkxrpnr0gnb63,0.54%,18.39,/,125.5GiB,14.66%,159GB,/,98.5GB,6.43GB,/,109MB,301
2022-9-29 19:57:45,3ed4c0a1c9d6,hadoop-slave8.1.9m2kxmpyhrjrdkxrpnr0gnb63,0.56%,18.39,/,125.5GiB,14.66%,159GB,/,98.5GB,6.43GB,/,109MB,301
2022-09-29 19:57:46,3ed4c0a1c9d6,hadoop-slave8.1.9m2kxmpyhrjrdkxrpnr0gnb63,0.55%,18.39,/,125.5GiB,14.66%,159GB,/,98.5GB,6.43GB,/,109MB,301
2022-9-29 19:57:47,3ed4c0a1c9d6,hadoop-slave8.1.9m2kxmpyhrjrdkxrpnr0gnb63,0.53%,18.39,/,125.5GiB,14.66%,159GB,/,98.5GB,6.43GB,/,109MB,301
2022-09-29 19:57:48,3ed4c0a1c9d6,hadoop-slave8.1.9m2kxmpyhrjrdkxrpnr0gnb63,0.55%,18.39,/,125.5GiB,14.66%,159GB,/,98.5GB,6.43GB,/,109MB,301
2022-9-29 19:57:49,3ed4c0a1c9d6,hadoop-slave8.1.9m2kxmpyhrjrdkxrpnr0gnb63,0.57%,18.39,/,125.5GiB,14.66%,159GB,/,98.5GB,6.43GB,/,109MB,301
2022-09-29 19:57:50,3ed4c0a1c9d6,hadoop-slave8.1.9m2kxmpyhrjrdkxrpnr0gnb63,0.57%,18.39,/,125.5GiB,14.66%,159GB,/,98.5GB,6.43GB,/,109MB,301
2022-9-29 19:57:51,3ed4c0a1c9d6,hadoop-slave8.1.9m2kxmpyhrjrdkxrpnr0gnb63,0.57%,18.39,/,125.5GiB,14.66%,159GB,/,98.5GB,6.43GB,/,109MB,301
2022-09-29 19:57:52,3ed4c0a1c9d6,hadoop-slave8.1.9m2kxmpyhrjrdkxrpnr0gnb63,0.54%,18.39,/,125.5GiB,14.66%,159GB,/,98.5GB,6.43GB,/,109MB,301
2022-9-29 19:57:53,3ed4c0a1c9d6,hadoop-slave8.1.9m2kxmpyhrjrdkxrpnr0gnb63,0.51%,18.39,/,125.5GiB,14.66%,159GB,/,98.5GB,6.43GB,/,109MB,301
2022-09-29 19:57:54,3ed4c0a1c9d6,hadoop-slave8.1.9m2kxmpyhrjrdkxrpnr0gnb63,0.54%,18.39,/,125.5GiB,14.66%,159GB,/,98.5GB,6.43GB,/,109MB,301
2022-9-29 19:57:55,3ed4c0a1c9d6,hadoop-slave8.1.9m2kxmpyhrjrdkxrpnr0gnb63,0.56%,18.39,/,125.5GiB,14.66%,159GB,/,98.5GB,6.43GB,/,109MB,301
2022-09-29 19:57:56,3ed4c0a1c9d6,hadoop-slave8.1.9m2kxmpyhrjrdkxrpnr0gnb63,0.58%,18.39,/,125.5GiB,14.66%,159GB,/,98.5GB,6.43GB,/,109MB,301
2022-9-29 19:57:57,3ed4c0a1c9d6,hadoop-slave8.1.9m2kxmpyhrjrdkxrpnr0gnb63,0.60%,18.39,/,125.5GiB,14.66%,159GB,/,98.5GB,6.43GB,/,109MB,301
2022-09-29 19:57:58,3ed4c0a1c9d6,hadoop-slave8.1.9m2kxmpyhrjrdkxrpnr0gnb63,0.62%,18.39,/,125.5GiB,14.66%,159GB,/,98.5GB,6.43GB,/,109MB,301
2022-9-29 19:57:59,3ed4c0a1c9d6,hadoop-slave8.1.9m2kxmpyhrjrdkxrpnr0gnb63,0.64%,18.39,/,125.5GiB,14.66%,159GB,/,98.5GB,6.43GB,/,109MB,301
2022-09-29 19:58:00,3ed4c0a1c9d6,hadoop-slave8.1.9m2kxmpyhrjrdkxrpnr0gnb63,0.57%,18.39,/,125.5GiB,14.66%,159GB,/,98.5GB,6.43GB,/,109MB,301
2022-9-29 19:58:01,3ed4c0a1c9d6,hadoop-slave8.1.9m2kxmpyhrjrdkxrpnr0gnb63,0.50%,18.39,/,125.5GiB,14.66%,159GB,/,98.5GB,6.43GB,/,109MB,301
2022-09-29 19:58:02,3ed4c0a1c9d6,hadoop-slave8.1.9m2kxmpyhrjrdkxrpnr0gnb63,0.56%,18.39,/,125.5GiB,14.66%,159GB,/,98.5GB,6.43GB,/,109MB,301
2022-9-29 19:58:03,3ed4c0a1c9d6,hadoop-slave8.1.9m2kxmpyhrjrdkxrpnr0gnb63,0.63%,18.39,/,125.5GiB,14.66%,159GB,/,98.5GB,6.43GB,/,109MB,301
2022-09-29 19:58:04,3ed4c0a1c9d6,hadoop-slave8.1.9m2kxmpyhrjrdkxrpnr0gnb63,0.6%,18.39,/,125.5GiB,14.66%,159GB,/,98.5GB,6.43GB,/,109MB,301
2022-9-29 19:58:05,3ed4c0a1c9d6,hadoop-slave8.1.9m2kxmpyhrjrdkxrpnr0gnb63,0.58%,18.39,/,125.5GiB,14.66%,159GB,/,98.5GB,6.43GB,/,109MB,301
2022-09-29 19:58:06,3ed4c0a1c9d6,hadoop-slave8.1.9m2kxmpyhrjrdkxrpnr0gnb63,0.55%,18.39,/,125.5GiB,14.66%,159GB,/,98.5GB,6.43GB,/,109MB,301
2022-09-29 19:58:07,3ed4c0a1c9d6,hadoop-slave8.1.9m2kxmpyhrjrdkxrpnr0gnb63,0.55%,18.39,/,125.5GiB,14.66%,159GB,/,98.5GB,6.43GB,/,109MB,301
2022-9-29 19:58:08,3ed4c0a1c9d6,hadoop-slave8.1.9m2kxmpyhrjrdkxrpnr0gnb63,0.52%,18.39,/,125.5GiB,14.66%,159GB,/,98.5GB,6.43GB,/,109MB,301
2022-09-29 19:58:09,3ed4c0a1c9d6,hadoop-slave8.1.9m2kxmpyhrjrdkxrpnr0gnb63,0.55%,18.39,/,125.5GiB,14.66%,159GB,/,98.5GB,6.43GB,/,109MB,301
2022-9-29 19:58:10,3ed4c0a1c9d6,hadoop-slave8.1.9m2kxmpyhrjrdkxrpnr0gnb63,0.59%,18.39,/,125.5GiB,14.66%,159GB,/,98.5GB,6.43GB,/,109MB,301
2022-09-29 19:58:11,3ed4c0a1c9d6,hadoop-slave8.1.9m2kxmpyhrjrdkxrpnr0gnb63,0.58%,18.39,/,125.5GiB,14.66%,159GB,/,98.5GB,6.43GB,/,109MB,301
2022-9-29 19:58:12,3ed4c0a1c9d6,hadoop-slave8.1.9m2kxmpyhrjrdkxrpnr0gnb63,0.58%,18.39,/,125.5GiB,14.66%,159GB,/,98.5GB,6.43GB,/,109MB,301
2022-09-29 19:58:13,3ed4c0a1c9d6,hadoop-slave8.1.9m2kxmpyhrjrdkxrpnr0gnb63,0.58%,18.39,/,125.5GiB,14.66%,159GB,/,98.5GB,6.43GB,/,109MB,301
2022-9-29 19:58:14,3ed4c0a1c9d6,hadoop-slave8.1.9m2kxmpyhrjrdkxrpnr0gnb63,0.59%,18.39,/,125.5GiB,14.66%,159GB,/,98.5GB,6.43GB,/,109MB,301
2022-09-29 19:58:15,3ed4c0a1c9d6,hadoop-slave8.1.9m2kxmpyhrjrdkxrpnr0gnb63,0.57%,18.39,/,125.5GiB,14.66%,159GB,/,98.5GB,6.43GB,/,109MB,301
2022-9-29 19:58:16,3ed4c0a1c9d6,hadoop-slave8.1.9m2kxmpyhrjrdkxrpnr0gnb63,0.55%,18.39,/,125.5GiB,14.66%,159GB,/,98.5GB,6.43GB,/,109MB,301
2022-09-29 19:58:17,3ed4c0a1c9d6,hadoop-slave8.1.9m2kxmpyhrjrdkxrpnr0gnb63,0.57%,18.39,/,125.5GiB,14.66%,159GB,/,98.5GB,6.43GB,/,109MB,301
2022-9-29 19:58:18,3ed4c0a1c9d6,hadoop-slave8.1.9m2kxmpyhrjrdkxrpnr0gnb63,0.59%,18.39,/,125.5GiB,14.66%,159GB,/,98.5GB,6.43GB,/,109MB,301
2022-09-29 19:58:19,3ed4c0a1c9d6,hadoop-slave8.1.9m2kxmpyhrjrdkxrpnr0gnb63,0.56%,18.39,/,125.5GiB,14.66%,159GB,/,98.5GB,6.43GB,/,109MB,301
2022-9-29 19:58:20,3ed4c0a1c9d6,hadoop-slave8.1.9m2kxmpyhrjrdkxrpnr0gnb63,0.53%,18.39,/,125.5GiB,14.66%,159GB,/,98.5GB,6.43GB,/,109MB,301
2022-09-29 19:58:21,3ed4c0a1c9d6,hadoop-slave8.1.9m2kxmpyhrjrdkxrpnr0gnb63,0.52%,18.39,/,125.5GiB,14.66%,159GB,/,98.5GB,6.43GB,/,109MB,301
2022-9-29 19:58:22,3ed4c0a1c9d6,hadoop-slave8.1.9m2kxmpyhrjrdkxrpnr0gnb63,0.51%,18.39,/,125.5GiB,14.66%,159GB,/,98.5GB,6.43GB,/,109MB,301
2022-09-29 19:58:23,3ed4c0a1c9d6,hadoop-slave8.1.9m2kxmpyhrjrdkxrpnr0gnb63,0.59%,18.39,/,125.5GiB,14.66%,159GB,/,98.5GB,6.43GB,/,109MB,301
2022-9-29 19:58:24,3ed4c0a1c9d6,hadoop-slave8.1.9m2kxmpyhrjrdkxrpnr0gnb63,0.68%,18.39,/,125.5GiB,14.66%,159GB,/,98.5GB,6.43GB,/,109MB,301
2022-09-29 19:58:25,3ed4c0a1c9d6,hadoop-slave8.1.9m2kxmpyhrjrdkxrpnr0gnb63,0.59%,18.39,/,125.5GiB,14.66%,159GB,/,98.5GB,6.43GB,/,109MB,301
2022-9-29 19:58:26,3ed4c0a1c9d6,hadoop-slave8.1.9m2kxmpyhrjrdkxrpnr0gnb63,0.51%,18.39,/,125.5GiB,14.66%,159GB,/,98.5GB,6.43GB,/,109MB,301
2022-09-29 19:58:27,3ed4c0a1c9d6,hadoop-slave8.1.9m2kxmpyhrjrdkxrpnr0gnb63,0.52%,18.39,/,125.5GiB,14.66%,159GB,/,98.5GB,6.43GB,/,109MB,301
2022-9-29 19:58:28,3ed4c0a1c9d6,hadoop-slave8.1.9m2kxmpyhrjrdkxrpnr0gnb63,0.52%,18.39,/,125.5GiB,14.66%,159GB,/,98.5GB,6.43GB,/,109MB,301
2022-09-29 19:58:29,3ed4c0a1c9d6,hadoop-slave8.1.9m2kxmpyhrjrdkxrpnr0gnb63,0.57%,18.39,/,125.5GiB,14.66%,159GB,/,98.5GB,6.43GB,/,109MB,301
2022-9-29 19:58:30,3ed4c0a1c9d6,hadoop-slave8.1.9m2kxmpyhrjrdkxrpnr0gnb63,0.63%,18.39,/,125.5GiB,14.66%,159GB,/,98.5GB,6.43GB,/,109MB,301
2022-09-29 19:58:31,3ed4c0a1c9d6,hadoop-slave8.1.9m2kxmpyhrjrdkxrpnr0gnb63,0.58%,18.39,/,125.5GiB,14.66%,159GB,/,98.5GB,6.43GB,/,109MB,301
2022-9-29 19:58:32,3ed4c0a1c9d6,hadoop-slave8.1.9m2kxmpyhrjrdkxrpnr0gnb63,0.53%,18.39,/,125.5GiB,14.66%,159GB,/,98.5GB,6.43GB,/,109MB,301
2022-09-29 19:58:33,3ed4c0a1c9d6,hadoop-slave8.1.9m2kxmpyhrjrdkxrpnr0gnb63,0.56%,18.39,/,125.5GiB,14.66%,159GB,/,98.5GB,6.43GB,/,109MB,301
