2022-9-29 17:45:07,1d706db09735,hadoop-slave5.1.ird9ic7e8w4bfb82t1n0hbugx,0.00%,0.01189,/,125.5GiB,0.01%,20.4MB,/,199kB,2.92MB,/,4.1kB,1
2022-09-29 17:45:08,1d706db09735,hadoop-slave5.1.ird9ic7e8w4bfb82t1n0hbugx,0.0%,0.01189,/,125.5GiB,0.01%,20.4MB,/,199kB,2.92MB,/,4.1kB,1
2022-9-29 17:45:09,1d706db09735,hadoop-slave5.1.ird9ic7e8w4bfb82t1n0hbugx,0.00%,0.01189,/,125.5GiB,0.01%,20.4MB,/,199kB,2.92MB,/,4.1kB,1
2022-09-29 17:45:10,1d706db09735,hadoop-slave5.1.ird9ic7e8w4bfb82t1n0hbugx,0.0%,0.01189,/,125.5GiB,0.01%,20.4MB,/,199kB,2.92MB,/,4.1kB,1
2022-9-29 17:45:11,1d706db09735,hadoop-slave5.1.ird9ic7e8w4bfb82t1n0hbugx,0.00%,0.01189,/,125.5GiB,0.01%,20.4MB,/,199kB,2.92MB,/,4.1kB,1
2022-09-29 17:45:12,1d706db09735,hadoop-slave5.1.ird9ic7e8w4bfb82t1n0hbugx,0.0%,0.01189,/,125.5GiB,0.01%,20.4MB,/,199kB,2.92MB,/,4.1kB,1
2022-9-29 17:45:13,1d706db09735,hadoop-slave5.1.ird9ic7e8w4bfb82t1n0hbugx,0.00%,0.01189,/,125.5GiB,0.01%,20.4MB,/,199kB,2.92MB,/,4.1kB,1
2022-09-29 17:45:14,1d706db09735,hadoop-slave5.1.ird9ic7e8w4bfb82t1n0hbugx,0.0%,0.01189,/,125.5GiB,0.01%,20.4MB,/,199kB,2.92MB,/,4.1kB,1
2022-9-29 17:45:15,1d706db09735,hadoop-slave5.1.ird9ic7e8w4bfb82t1n0hbugx,0.00%,0.01189,/,125.5GiB,0.01%,20.4MB,/,199kB,2.92MB,/,4.1kB,1
2022-09-29 17:45:16,1d706db09735,hadoop-slave5.1.ird9ic7e8w4bfb82t1n0hbugx,0.0%,0.01189,/,125.5GiB,0.01%,20.4MB,/,199kB,2.92MB,/,4.1kB,1
2022-9-29 17:45:17,1d706db09735,hadoop-slave5.1.ird9ic7e8w4bfb82t1n0hbugx,0.00%,0.01189,/,125.5GiB,0.01%,20.4MB,/,199kB,2.92MB,/,4.1kB,1
2022-09-29 17:45:18,1d706db09735,hadoop-slave5.1.ird9ic7e8w4bfb82t1n0hbugx,0.0%,0.01189,/,125.5GiB,0.01%,20.4MB,/,199kB,2.92MB,/,4.1kB,1
2022-9-29 17:45:19,1d706db09735,hadoop-slave5.1.ird9ic7e8w4bfb82t1n0hbugx,0.00%,0.01189,/,125.5GiB,0.01%,20.4MB,/,199kB,2.92MB,/,4.1kB,1
2022-09-29 17:45:20,1d706db09735,hadoop-slave5.1.ird9ic7e8w4bfb82t1n0hbugx,0.0%,0.01189,/,125.5GiB,0.01%,20.4MB,/,199kB,2.92MB,/,4.1kB,1
2022-9-29 17:45:21,1d706db09735,hadoop-slave5.1.ird9ic7e8w4bfb82t1n0hbugx,0.00%,0.01189,/,125.5GiB,0.01%,20.4MB,/,199kB,2.92MB,/,4.1kB,1
2022-09-29 17:45:22,1d706db09735,hadoop-slave5.1.ird9ic7e8w4bfb82t1n0hbugx,0.0%,0.01189,/,125.5GiB,0.01%,20.4MB,/,199kB,2.92MB,/,4.1kB,1
2022-9-29 17:45:23,1d706db09735,hadoop-slave5.1.ird9ic7e8w4bfb82t1n0hbugx,0.00%,0.01189,/,125.5GiB,0.01%,20.4MB,/,199kB,2.92MB,/,4.1kB,1
2022-09-29 17:45:24,1d706db09735,hadoop-slave5.1.ird9ic7e8w4bfb82t1n0hbugx,0.0%,0.01189,/,125.5GiB,0.01%,20.4MB,/,199kB,2.92MB,/,4.1kB,1
2022-9-29 17:45:25,1d706db09735,hadoop-slave5.1.ird9ic7e8w4bfb82t1n0hbugx,0.00%,0.01189,/,125.5GiB,0.01%,20.4MB,/,199kB,2.92MB,/,4.1kB,1
2022-09-29 17:45:26,1d706db09735,hadoop-slave5.1.ird9ic7e8w4bfb82t1n0hbugx,0.0%,0.01189,/,125.5GiB,0.01%,20.4MB,/,199kB,2.92MB,/,4.1kB,1
2022-9-29 17:45:27,1d706db09735,hadoop-slave5.1.ird9ic7e8w4bfb82t1n0hbugx,0.00%,0.01189,/,125.5GiB,0.01%,20.4MB,/,199kB,2.92MB,/,4.1kB,1
2022-09-29 17:45:28,1d706db09735,hadoop-slave5.1.ird9ic7e8w4bfb82t1n0hbugx,0.0%,0.01189,/,125.5GiB,0.01%,20.4MB,/,199kB,2.92MB,/,4.1kB,1
2022-9-29 17:45:29,1d706db09735,hadoop-slave5.1.ird9ic7e8w4bfb82t1n0hbugx,0.00%,0.01189,/,125.5GiB,0.01%,20.4MB,/,199kB,2.92MB,/,4.1kB,1
2022-09-29 17:45:30,1d706db09735,hadoop-slave5.1.ird9ic7e8w4bfb82t1n0hbugx,0.0%,0.01189,/,125.5GiB,0.01%,20.4MB,/,199kB,2.92MB,/,4.1kB,1
2022-9-29 17:45:31,1d706db09735,hadoop-slave5.1.ird9ic7e8w4bfb82t1n0hbugx,0.00%,0.01189,/,125.5GiB,0.01%,20.4MB,/,199kB,2.92MB,/,4.1kB,1
2022-09-29 17:45:32,1d706db09735,hadoop-slave5.1.ird9ic7e8w4bfb82t1n0hbugx,0.0%,0.01189,/,125.5GiB,0.01%,20.4MB,/,199kB,2.92MB,/,4.1kB,1
2022-9-29 17:45:33,1d706db09735,hadoop-slave5.1.ird9ic7e8w4bfb82t1n0hbugx,0.00%,0.01189,/,125.5GiB,0.01%,20.4MB,/,199kB,2.92MB,/,4.1kB,1
2022-09-29 17:45:34,1d706db09735,hadoop-slave5.1.ird9ic7e8w4bfb82t1n0hbugx,0.0%,0.01189,/,125.5GiB,0.01%,20.4MB,/,199kB,2.92MB,/,4.1kB,1
2022-09-29 17:45:35,1d706db09735,hadoop-slave5.1.ird9ic7e8w4bfb82t1n0hbugx,0.0%,0.01189,/,125.5GiB,0.01%,20.4MB,/,199kB,2.92MB,/,4.1kB,1
2022-9-29 17:45:36,1d706db09735,hadoop-slave5.1.ird9ic7e8w4bfb82t1n0hbugx,0.00%,0.01189,/,125.5GiB,0.01%,20.4MB,/,199kB,2.92MB,/,4.1kB,1
2022-09-29 17:45:37,1d706db09735,hadoop-slave5.1.ird9ic7e8w4bfb82t1n0hbugx,0.0%,0.01189,/,125.5GiB,0.01%,20.4MB,/,199kB,2.92MB,/,4.1kB,1
2022-9-29 17:45:38,1d706db09735,hadoop-slave5.1.ird9ic7e8w4bfb82t1n0hbugx,0.00%,0.01189,/,125.5GiB,0.01%,20.4MB,/,199kB,2.92MB,/,4.1kB,1
2022-09-29 17:45:39,1d706db09735,hadoop-slave5.1.ird9ic7e8w4bfb82t1n0hbugx,0.0%,0.01189,/,125.5GiB,0.01%,20.4MB,/,199kB,2.92MB,/,4.1kB,1
2022-9-29 17:45:40,1d706db09735,hadoop-slave5.1.ird9ic7e8w4bfb82t1n0hbugx,0.00%,0.01189,/,125.5GiB,0.01%,20.4MB,/,199kB,2.92MB,/,4.1kB,1
2022-09-29 17:45:41,1d706db09735,hadoop-slave5.1.ird9ic7e8w4bfb82t1n0hbugx,0.0%,0.01189,/,125.5GiB,0.01%,20.4MB,/,199kB,2.92MB,/,4.1kB,1
2022-9-29 17:45:42,1d706db09735,hadoop-slave5.1.ird9ic7e8w4bfb82t1n0hbugx,0.00%,0.01189,/,125.5GiB,0.01%,20.4MB,/,199kB,2.92MB,/,4.1kB,1
2022-09-29 17:45:43,1d706db09735,hadoop-slave5.1.ird9ic7e8w4bfb82t1n0hbugx,0.0%,0.01189,/,125.5GiB,0.01%,20.4MB,/,199kB,2.92MB,/,4.1kB,1
2022-9-29 17:45:44,1d706db09735,hadoop-slave5.1.ird9ic7e8w4bfb82t1n0hbugx,0.00%,0.01189,/,125.5GiB,0.01%,20.4MB,/,199kB,2.92MB,/,4.1kB,1
2022-09-29 17:45:45,1d706db09735,hadoop-slave5.1.ird9ic7e8w4bfb82t1n0hbugx,0.0%,0.01189,/,125.5GiB,0.01%,20.4MB,/,199kB,2.92MB,/,4.1kB,1
2022-9-29 17:45:46,1d706db09735,hadoop-slave5.1.ird9ic7e8w4bfb82t1n0hbugx,0.00%,0.01189,/,125.5GiB,0.01%,20.4MB,/,199kB,2.92MB,/,4.1kB,1
2022-09-29 17:45:47,1d706db09735,hadoop-slave5.1.ird9ic7e8w4bfb82t1n0hbugx,0.0%,0.01189,/,125.5GiB,0.01%,20.4MB,/,199kB,2.92MB,/,4.1kB,1
2022-9-29 17:45:48,1d706db09735,hadoop-slave5.1.ird9ic7e8w4bfb82t1n0hbugx,0.00%,0.01189,/,125.5GiB,0.01%,20.4MB,/,199kB,2.92MB,/,4.1kB,1
2022-09-29 17:45:49,1d706db09735,hadoop-slave5.1.ird9ic7e8w4bfb82t1n0hbugx,0.0%,0.01189,/,125.5GiB,0.01%,20.4MB,/,199kB,2.92MB,/,4.1kB,1
2022-9-29 17:45:50,1d706db09735,hadoop-slave5.1.ird9ic7e8w4bfb82t1n0hbugx,0.00%,0.01189,/,125.5GiB,0.01%,20.4MB,/,199kB,2.92MB,/,4.1kB,1
2022-09-29 17:45:51,1d706db09735,hadoop-slave5.1.ird9ic7e8w4bfb82t1n0hbugx,0.0%,0.01189,/,125.5GiB,0.01%,20.4MB,/,199kB,2.92MB,/,4.1kB,1
2022-9-29 17:45:52,1d706db09735,hadoop-slave5.1.ird9ic7e8w4bfb82t1n0hbugx,0.00%,0.01189,/,125.5GiB,0.01%,20.4MB,/,199kB,2.92MB,/,4.1kB,1
2022-09-29 17:45:53,1d706db09735,hadoop-slave5.1.ird9ic7e8w4bfb82t1n0hbugx,0.0%,0.01189,/,125.5GiB,0.01%,20.4MB,/,199kB,2.92MB,/,4.1kB,1
2022-9-29 17:45:54,1d706db09735,hadoop-slave5.1.ird9ic7e8w4bfb82t1n0hbugx,0.00%,0.01189,/,125.5GiB,0.01%,20.4MB,/,199kB,2.92MB,/,4.1kB,1
2022-09-29 17:45:55,1d706db09735,hadoop-slave5.1.ird9ic7e8w4bfb82t1n0hbugx,0.0%,0.01189,/,125.5GiB,0.01%,20.4MB,/,199kB,2.92MB,/,4.1kB,1
2022-9-29 17:45:56,1d706db09735,hadoop-slave5.1.ird9ic7e8w4bfb82t1n0hbugx,0.00%,0.01189,/,125.5GiB,0.01%,20.4MB,/,199kB,2.92MB,/,4.1kB,1
2022-09-29 17:45:57,1d706db09735,hadoop-slave5.1.ird9ic7e8w4bfb82t1n0hbugx,0.0%,0.01189,/,125.5GiB,0.01%,20.4MB,/,199kB,2.92MB,/,4.1kB,1
2022-9-29 17:45:58,1d706db09735,hadoop-slave5.1.ird9ic7e8w4bfb82t1n0hbugx,0.00%,0.01189,/,125.5GiB,0.01%,20.4MB,/,199kB,2.92MB,/,4.1kB,1
2022-09-29 17:45:59,1d706db09735,hadoop-slave5.1.ird9ic7e8w4bfb82t1n0hbugx,0.0%,0.01189,/,125.5GiB,0.01%,20.4MB,/,199kB,2.92MB,/,4.1kB,1
2022-9-29 17:46:00,1d706db09735,hadoop-slave5.1.ird9ic7e8w4bfb82t1n0hbugx,0.00%,0.01189,/,125.5GiB,0.01%,20.4MB,/,199kB,2.92MB,/,4.1kB,1
2022-09-29 17:46:01,1d706db09735,hadoop-slave5.1.ird9ic7e8w4bfb82t1n0hbugx,0.0%,0.01189,/,125.5GiB,0.01%,20.4MB,/,199kB,2.92MB,/,4.1kB,1
2022-9-29 17:46:02,1d706db09735,hadoop-slave5.1.ird9ic7e8w4bfb82t1n0hbugx,0.00%,0.01189,/,125.5GiB,0.01%,20.4MB,/,199kB,2.92MB,/,4.1kB,1
2022-09-29 17:46:03,1d706db09735,hadoop-slave5.1.ird9ic7e8w4bfb82t1n0hbugx,0.0%,0.01189,/,125.5GiB,0.01%,20.4MB,/,199kB,2.92MB,/,4.1kB,1
2022-9-29 17:46:04,1d706db09735,hadoop-slave5.1.ird9ic7e8w4bfb82t1n0hbugx,0.00%,0.01189,/,125.5GiB,0.01%,20.4MB,/,199kB,2.92MB,/,4.1kB,1
2022-09-29 17:46:05,1d706db09735,hadoop-slave5.1.ird9ic7e8w4bfb82t1n0hbugx,0.0%,0.01189,/,125.5GiB,0.01%,20.4MB,/,199kB,2.92MB,/,4.1kB,1
2022-9-29 17:46:06,1d706db09735,hadoop-slave5.1.ird9ic7e8w4bfb82t1n0hbugx,0.00%,0.01189,/,125.5GiB,0.01%,20.4MB,/,199kB,2.92MB,/,4.1kB,1
2022-09-29 17:46:07,1d706db09735,hadoop-slave5.1.ird9ic7e8w4bfb82t1n0hbugx,0.0%,0.01189,/,125.5GiB,0.01%,20.4MB,/,199kB,2.92MB,/,4.1kB,1
2022-9-29 17:46:08,1d706db09735,hadoop-slave5.1.ird9ic7e8w4bfb82t1n0hbugx,0.00%,0.01189,/,125.5GiB,0.01%,20.4MB,/,199kB,2.92MB,/,4.1kB,1
2022-09-29 17:46:09,1d706db09735,hadoop-slave5.1.ird9ic7e8w4bfb82t1n0hbugx,0.0%,0.01189,/,125.5GiB,0.01%,20.4MB,/,199kB,2.92MB,/,4.1kB,1
2022-9-29 17:46:10,1d706db09735,hadoop-slave5.1.ird9ic7e8w4bfb82t1n0hbugx,0.00%,0.01189,/,125.5GiB,0.01%,20.4MB,/,199kB,2.92MB,/,4.1kB,1
2022-09-29 17:46:11,1d706db09735,hadoop-slave5.1.ird9ic7e8w4bfb82t1n0hbugx,0.0%,0.01189,/,125.5GiB,0.01%,20.4MB,/,199kB,2.92MB,/,4.1kB,1
2022-9-29 17:46:12,1d706db09735,hadoop-slave5.1.ird9ic7e8w4bfb82t1n0hbugx,0.00%,0.01189,/,125.5GiB,0.01%,20.4MB,/,199kB,2.92MB,/,4.1kB,1
2022-09-29 17:46:13,1d706db09735,hadoop-slave5.1.ird9ic7e8w4bfb82t1n0hbugx,0.0%,0.01189,/,125.5GiB,0.01%,20.4MB,/,199kB,2.92MB,/,4.1kB,1
2022-9-29 17:46:14,1d706db09735,hadoop-slave5.1.ird9ic7e8w4bfb82t1n0hbugx,0.00%,0.01189,/,125.5GiB,0.01%,20.4MB,/,199kB,2.92MB,/,4.1kB,1
2022-09-29 17:46:15,1d706db09735,hadoop-slave5.1.ird9ic7e8w4bfb82t1n0hbugx,0.0%,0.01189,/,125.5GiB,0.01%,20.4MB,/,199kB,2.92MB,/,4.1kB,1
2022-9-29 17:46:16,1d706db09735,hadoop-slave5.1.ird9ic7e8w4bfb82t1n0hbugx,0.00%,0.01189,/,125.5GiB,0.01%,20.4MB,/,199kB,2.92MB,/,4.1kB,1
2022-09-29 17:46:17,1d706db09735,hadoop-slave5.1.ird9ic7e8w4bfb82t1n0hbugx,0.0%,0.01189,/,125.5GiB,0.01%,20.4MB,/,199kB,2.92MB,/,4.1kB,1
2022-9-29 17:46:18,1d706db09735,hadoop-slave5.1.ird9ic7e8w4bfb82t1n0hbugx,0.00%,0.01189,/,125.5GiB,0.01%,20.4MB,/,199kB,2.92MB,/,4.1kB,1
2022-09-29 17:46:19,1d706db09735,hadoop-slave5.1.ird9ic7e8w4bfb82t1n0hbugx,0.0%,0.01189,/,125.5GiB,0.01%,20.4MB,/,199kB,2.92MB,/,4.1kB,1
2022-9-29 17:46:20,1d706db09735,hadoop-slave5.1.ird9ic7e8w4bfb82t1n0hbugx,0.00%,0.01189,/,125.5GiB,0.01%,20.4MB,/,199kB,2.92MB,/,4.1kB,1
2022-09-29 17:46:21,1d706db09735,hadoop-slave5.1.ird9ic7e8w4bfb82t1n0hbugx,0.0%,0.01189,/,125.5GiB,0.01%,20.4MB,/,199kB,2.92MB,/,4.1kB,1
2022-9-29 17:46:22,1d706db09735,hadoop-slave5.1.ird9ic7e8w4bfb82t1n0hbugx,0.00%,0.01189,/,125.5GiB,0.01%,20.4MB,/,199kB,2.92MB,/,4.1kB,1
2022-09-29 17:46:23,1d706db09735,hadoop-slave5.1.ird9ic7e8w4bfb82t1n0hbugx,0.0%,0.01189,/,125.5GiB,0.01%,20.4MB,/,199kB,2.92MB,/,4.1kB,1
2022-9-29 17:46:24,1d706db09735,hadoop-slave5.1.ird9ic7e8w4bfb82t1n0hbugx,0.00%,0.01189,/,125.5GiB,0.01%,20.4MB,/,199kB,2.92MB,/,4.1kB,1
2022-09-29 17:46:25,1d706db09735,hadoop-slave5.1.ird9ic7e8w4bfb82t1n0hbugx,0.0%,0.01189,/,125.5GiB,0.01%,20.4MB,/,199kB,2.92MB,/,4.1kB,1
2022-9-29 17:46:26,1d706db09735,hadoop-slave5.1.ird9ic7e8w4bfb82t1n0hbugx,0.00%,0.01189,/,125.5GiB,0.01%,20.4MB,/,199kB,2.92MB,/,4.1kB,1
2022-09-29 17:46:27,1d706db09735,hadoop-slave5.1.ird9ic7e8w4bfb82t1n0hbugx,0.0%,0.01189,/,125.5GiB,0.01%,20.4MB,/,199kB,2.92MB,/,4.1kB,1
2022-9-29 17:46:28,1d706db09735,hadoop-slave5.1.ird9ic7e8w4bfb82t1n0hbugx,0.00%,0.01189,/,125.5GiB,0.01%,20.4MB,/,199kB,2.92MB,/,4.1kB,1
2022-09-29 17:46:29,1d706db09735,hadoop-slave5.1.ird9ic7e8w4bfb82t1n0hbugx,0.0%,0.01189,/,125.5GiB,0.01%,20.4MB,/,199kB,2.92MB,/,4.1kB,1
2022-9-29 17:46:30,1d706db09735,hadoop-slave5.1.ird9ic7e8w4bfb82t1n0hbugx,0.00%,0.01189,/,125.5GiB,0.01%,20.4MB,/,199kB,2.92MB,/,4.1kB,1
2022-09-29 17:46:31,1d706db09735,hadoop-slave5.1.ird9ic7e8w4bfb82t1n0hbugx,0.0%,0.01189,/,125.5GiB,0.01%,20.4MB,/,199kB,2.92MB,/,4.1kB,1
2022-9-29 17:46:32,1d706db09735,hadoop-slave5.1.ird9ic7e8w4bfb82t1n0hbugx,0.00%,0.01189,/,125.5GiB,0.01%,20.4MB,/,199kB,2.92MB,/,4.1kB,1
2022-09-29 17:46:33,1d706db09735,hadoop-slave5.1.ird9ic7e8w4bfb82t1n0hbugx,0.0%,0.01189,/,125.5GiB,0.01%,20.4MB,/,199kB,2.92MB,/,4.1kB,1
2022-9-29 17:46:34,1d706db09735,hadoop-slave5.1.ird9ic7e8w4bfb82t1n0hbugx,0.00%,0.01189,/,125.5GiB,0.01%,20.4MB,/,199kB,2.92MB,/,4.1kB,1
2022-09-29 17:46:35,1d706db09735,hadoop-slave5.1.ird9ic7e8w4bfb82t1n0hbugx,0.0%,0.01189,/,125.5GiB,0.01%,20.4MB,/,199kB,2.92MB,/,4.1kB,1
2022-9-29 17:46:36,1d706db09735,hadoop-slave5.1.ird9ic7e8w4bfb82t1n0hbugx,0.00%,0.01189,/,125.5GiB,0.01%,20.4MB,/,199kB,2.92MB,/,4.1kB,1
2022-09-29 17:46:37,1d706db09735,hadoop-slave5.1.ird9ic7e8w4bfb82t1n0hbugx,0.0%,0.01189,/,125.5GiB,0.01%,20.4MB,/,199kB,2.92MB,/,4.1kB,1
2022-9-29 17:46:38,1d706db09735,hadoop-slave5.1.ird9ic7e8w4bfb82t1n0hbugx,0.00%,0.01189,/,125.5GiB,0.01%,20.4MB,/,199kB,2.92MB,/,4.1kB,1
2022-09-29 17:46:39,1d706db09735,hadoop-slave5.1.ird9ic7e8w4bfb82t1n0hbugx,0.0%,0.01189,/,125.5GiB,0.01%,20.4MB,/,199kB,2.92MB,/,4.1kB,1
2022-9-29 17:46:40,1d706db09735,hadoop-slave5.1.ird9ic7e8w4bfb82t1n0hbugx,0.00%,0.01189,/,125.5GiB,0.01%,20.4MB,/,199kB,2.92MB,/,4.1kB,1
2022-09-29 17:46:41,1d706db09735,hadoop-slave5.1.ird9ic7e8w4bfb82t1n0hbugx,0.0%,0.01189,/,125.5GiB,0.01%,20.4MB,/,199kB,2.92MB,/,4.1kB,1
2022-09-29 17:46:42,1d706db09735,hadoop-slave5.1.ird9ic7e8w4bfb82t1n0hbugx,0.0%,0.01189,/,125.5GiB,0.01%,20.4MB,/,199kB,2.92MB,/,4.1kB,1
2022-9-29 17:46:43,1d706db09735,hadoop-slave5.1.ird9ic7e8w4bfb82t1n0hbugx,0.00%,0.01189,/,125.5GiB,0.01%,20.4MB,/,199kB,2.92MB,/,4.1kB,1
2022-09-29 17:46:44,1d706db09735,hadoop-slave5.1.ird9ic7e8w4bfb82t1n0hbugx,0.0%,0.01189,/,125.5GiB,0.01%,20.4MB,/,199kB,2.92MB,/,4.1kB,1
2022-9-29 17:46:45,1d706db09735,hadoop-slave5.1.ird9ic7e8w4bfb82t1n0hbugx,0.00%,0.01189,/,125.5GiB,0.01%,20.4MB,/,199kB,2.92MB,/,4.1kB,1
2022-09-29 17:46:46,1d706db09735,hadoop-slave5.1.ird9ic7e8w4bfb82t1n0hbugx,0.0%,0.01189,/,125.5GiB,0.01%,20.4MB,/,199kB,2.92MB,/,4.1kB,1
2022-9-29 17:46:47,1d706db09735,hadoop-slave5.1.ird9ic7e8w4bfb82t1n0hbugx,0.00%,0.01189,/,125.5GiB,0.01%,20.4MB,/,199kB,2.92MB,/,4.1kB,1
2022-09-29 17:46:48,1d706db09735,hadoop-slave5.1.ird9ic7e8w4bfb82t1n0hbugx,0.0%,0.01189,/,125.5GiB,0.01%,20.4MB,/,199kB,2.92MB,/,4.1kB,1
2022-9-29 17:46:49,1d706db09735,hadoop-slave5.1.ird9ic7e8w4bfb82t1n0hbugx,0.00%,0.01189,/,125.5GiB,0.01%,20.4MB,/,199kB,2.92MB,/,4.1kB,1
2022-09-29 17:46:50,1d706db09735,hadoop-slave5.1.ird9ic7e8w4bfb82t1n0hbugx,0.0%,0.01189,/,125.5GiB,0.01%,20.4MB,/,199kB,2.92MB,/,4.1kB,1
2022-9-29 17:46:51,1d706db09735,hadoop-slave5.1.ird9ic7e8w4bfb82t1n0hbugx,0.00%,0.01189,/,125.5GiB,0.01%,20.4MB,/,199kB,2.92MB,/,4.1kB,1
2022-09-29 17:46:52,1d706db09735,hadoop-slave5.1.ird9ic7e8w4bfb82t1n0hbugx,0.0%,0.01189,/,125.5GiB,0.01%,20.4MB,/,199kB,2.92MB,/,4.1kB,1
2022-9-29 17:46:53,1d706db09735,hadoop-slave5.1.ird9ic7e8w4bfb82t1n0hbugx,0.00%,0.01189,/,125.5GiB,0.01%,20.4MB,/,199kB,2.92MB,/,4.1kB,1
2022-09-29 17:46:54,1d706db09735,hadoop-slave5.1.ird9ic7e8w4bfb82t1n0hbugx,0.0%,0.01189,/,125.5GiB,0.01%,20.4MB,/,199kB,2.92MB,/,4.1kB,1
2022-9-29 17:46:55,1d706db09735,hadoop-slave5.1.ird9ic7e8w4bfb82t1n0hbugx,0.00%,0.01189,/,125.5GiB,0.01%,20.4MB,/,199kB,2.92MB,/,4.1kB,1
2022-09-29 17:46:56,1d706db09735,hadoop-slave5.1.ird9ic7e8w4bfb82t1n0hbugx,0.0%,0.01189,/,125.5GiB,0.01%,20.4MB,/,199kB,2.92MB,/,4.1kB,1
2022-9-29 17:46:57,1d706db09735,hadoop-slave5.1.ird9ic7e8w4bfb82t1n0hbugx,0.00%,0.01189,/,125.5GiB,0.01%,20.4MB,/,199kB,2.92MB,/,4.1kB,1
2022-09-29 17:46:58,1d706db09735,hadoop-slave5.1.ird9ic7e8w4bfb82t1n0hbugx,0.0%,0.01189,/,125.5GiB,0.01%,20.4MB,/,199kB,2.92MB,/,4.1kB,1
2022-9-29 17:46:59,1d706db09735,hadoop-slave5.1.ird9ic7e8w4bfb82t1n0hbugx,0.00%,0.01189,/,125.5GiB,0.01%,20.4MB,/,199kB,2.92MB,/,4.1kB,1
2022-09-29 17:47:00,1d706db09735,hadoop-slave5.1.ird9ic7e8w4bfb82t1n0hbugx,0.0%,0.01189,/,125.5GiB,0.01%,20.4MB,/,199kB,2.92MB,/,4.1kB,1
2022-9-29 17:47:01,1d706db09735,hadoop-slave5.1.ird9ic7e8w4bfb82t1n0hbugx,0.00%,0.01189,/,125.5GiB,0.01%,20.4MB,/,199kB,2.92MB,/,4.1kB,1
2022-09-29 17:47:02,1d706db09735,hadoop-slave5.1.ird9ic7e8w4bfb82t1n0hbugx,0.0%,0.01189,/,125.5GiB,0.01%,20.4MB,/,199kB,2.92MB,/,4.1kB,1
2022-9-29 17:47:03,1d706db09735,hadoop-slave5.1.ird9ic7e8w4bfb82t1n0hbugx,0.00%,0.01189,/,125.5GiB,0.01%,20.4MB,/,199kB,2.92MB,/,4.1kB,1
2022-09-29 17:47:04,1d706db09735,hadoop-slave5.1.ird9ic7e8w4bfb82t1n0hbugx,0.0%,0.01189,/,125.5GiB,0.01%,20.4MB,/,199kB,2.92MB,/,4.1kB,1
2022-9-29 17:47:05,1d706db09735,hadoop-slave5.1.ird9ic7e8w4bfb82t1n0hbugx,0.00%,0.01189,/,125.5GiB,0.01%,20.4MB,/,199kB,2.92MB,/,4.1kB,1
2022-09-29 17:47:06,1d706db09735,hadoop-slave5.1.ird9ic7e8w4bfb82t1n0hbugx,0.0%,0.01189,/,125.5GiB,0.01%,20.4MB,/,199kB,2.92MB,/,4.1kB,1
2022-9-29 17:47:07,1d706db09735,hadoop-slave5.1.ird9ic7e8w4bfb82t1n0hbugx,0.00%,0.01189,/,125.5GiB,0.01%,20.4MB,/,199kB,2.92MB,/,4.1kB,1
2022-09-29 17:47:08,1d706db09735,hadoop-slave5.1.ird9ic7e8w4bfb82t1n0hbugx,0.0%,0.01189,/,125.5GiB,0.01%,20.4MB,/,199kB,2.92MB,/,4.1kB,1
2022-9-29 17:47:09,1d706db09735,hadoop-slave5.1.ird9ic7e8w4bfb82t1n0hbugx,0.00%,0.01189,/,125.5GiB,0.01%,20.4MB,/,199kB,2.92MB,/,4.1kB,1
2022-09-29 17:47:10,1d706db09735,hadoop-slave5.1.ird9ic7e8w4bfb82t1n0hbugx,0.0%,0.01189,/,125.5GiB,0.01%,20.4MB,/,199kB,2.92MB,/,4.1kB,1
2022-9-29 17:47:11,1d706db09735,hadoop-slave5.1.ird9ic7e8w4bfb82t1n0hbugx,0.00%,0.01189,/,125.5GiB,0.01%,20.4MB,/,199kB,2.92MB,/,4.1kB,1
2022-09-29 17:47:12,1d706db09735,hadoop-slave5.1.ird9ic7e8w4bfb82t1n0hbugx,0.0%,0.01189,/,125.5GiB,0.01%,20.4MB,/,199kB,2.92MB,/,4.1kB,1
2022-9-29 17:47:13,1d706db09735,hadoop-slave5.1.ird9ic7e8w4bfb82t1n0hbugx,0.00%,0.01189,/,125.5GiB,0.01%,20.4MB,/,199kB,2.92MB,/,4.1kB,1
2022-09-29 17:47:14,1d706db09735,hadoop-slave5.1.ird9ic7e8w4bfb82t1n0hbugx,0.0%,0.01189,/,125.5GiB,0.01%,20.4MB,/,199kB,2.92MB,/,4.1kB,1
2022-9-29 17:47:15,1d706db09735,hadoop-slave5.1.ird9ic7e8w4bfb82t1n0hbugx,0.00%,0.01189,/,125.5GiB,0.01%,20.4MB,/,199kB,2.92MB,/,4.1kB,1
2022-09-29 17:47:16,1d706db09735,hadoop-slave5.1.ird9ic7e8w4bfb82t1n0hbugx,0.0%,0.01189,/,125.5GiB,0.01%,20.4MB,/,199kB,2.92MB,/,4.1kB,1
2022-9-29 17:47:17,1d706db09735,hadoop-slave5.1.ird9ic7e8w4bfb82t1n0hbugx,0.00%,0.01189,/,125.5GiB,0.01%,20.4MB,/,199kB,2.92MB,/,4.1kB,1
2022-09-29 17:47:18,1d706db09735,hadoop-slave5.1.ird9ic7e8w4bfb82t1n0hbugx,0.0%,0.01189,/,125.5GiB,0.01%,20.4MB,/,199kB,2.92MB,/,4.1kB,1
2022-9-29 17:47:19,1d706db09735,hadoop-slave5.1.ird9ic7e8w4bfb82t1n0hbugx,0.00%,0.01189,/,125.5GiB,0.01%,20.4MB,/,199kB,2.92MB,/,4.1kB,1
2022-09-29 17:47:20,1d706db09735,hadoop-slave5.1.ird9ic7e8w4bfb82t1n0hbugx,0.0%,0.01189,/,125.5GiB,0.01%,20.4MB,/,199kB,2.92MB,/,4.1kB,1
2022-9-29 17:47:21,1d706db09735,hadoop-slave5.1.ird9ic7e8w4bfb82t1n0hbugx,0.00%,0.01189,/,125.5GiB,0.01%,20.4MB,/,199kB,2.92MB,/,4.1kB,1
2022-09-29 17:47:22,1d706db09735,hadoop-slave5.1.ird9ic7e8w4bfb82t1n0hbugx,0.0%,0.01189,/,125.5GiB,0.01%,20.4MB,/,199kB,2.92MB,/,4.1kB,1
2022-9-29 17:47:23,1d706db09735,hadoop-slave5.1.ird9ic7e8w4bfb82t1n0hbugx,0.00%,0.01189,/,125.5GiB,0.01%,20.4MB,/,199kB,2.92MB,/,4.1kB,1
2022-09-29 17:47:24,1d706db09735,hadoop-slave5.1.ird9ic7e8w4bfb82t1n0hbugx,0.0%,0.01189,/,125.5GiB,0.01%,20.4MB,/,199kB,2.92MB,/,4.1kB,1
2022-9-29 17:47:25,1d706db09735,hadoop-slave5.1.ird9ic7e8w4bfb82t1n0hbugx,0.00%,0.01189,/,125.5GiB,0.01%,20.4MB,/,199kB,2.92MB,/,4.1kB,1
2022-09-29 17:47:26,1d706db09735,hadoop-slave5.1.ird9ic7e8w4bfb82t1n0hbugx,0.0%,0.01189,/,125.5GiB,0.01%,20.4MB,/,199kB,2.92MB,/,4.1kB,1
2022-9-29 17:47:27,1d706db09735,hadoop-slave5.1.ird9ic7e8w4bfb82t1n0hbugx,0.00%,0.01189,/,125.5GiB,0.01%,20.4MB,/,199kB,2.92MB,/,4.1kB,1
2022-09-29 17:47:28,1d706db09735,hadoop-slave5.1.ird9ic7e8w4bfb82t1n0hbugx,0.0%,0.01189,/,125.5GiB,0.01%,20.4MB,/,199kB,2.92MB,/,4.1kB,1
2022-9-29 17:47:29,1d706db09735,hadoop-slave5.1.ird9ic7e8w4bfb82t1n0hbugx,0.00%,0.01189,/,125.5GiB,0.01%,20.4MB,/,199kB,2.92MB,/,4.1kB,1
2022-09-29 17:47:30,1d706db09735,hadoop-slave5.1.ird9ic7e8w4bfb82t1n0hbugx,0.0%,0.01189,/,125.5GiB,0.01%,20.4MB,/,199kB,2.92MB,/,4.1kB,1
2022-9-29 17:47:31,1d706db09735,hadoop-slave5.1.ird9ic7e8w4bfb82t1n0hbugx,0.00%,0.01189,/,125.5GiB,0.01%,20.4MB,/,199kB,2.92MB,/,4.1kB,1
2022-09-29 17:47:32,1d706db09735,hadoop-slave5.1.ird9ic7e8w4bfb82t1n0hbugx,0.0%,0.01189,/,125.5GiB,0.01%,20.4MB,/,199kB,2.92MB,/,4.1kB,1
2022-9-29 17:47:33,1d706db09735,hadoop-slave5.1.ird9ic7e8w4bfb82t1n0hbugx,0.00%,0.01189,/,125.5GiB,0.01%,20.4MB,/,199kB,2.92MB,/,4.1kB,1
2022-09-29 17:47:34,1d706db09735,hadoop-slave5.1.ird9ic7e8w4bfb82t1n0hbugx,0.0%,0.01189,/,125.5GiB,0.01%,20.4MB,/,199kB,2.92MB,/,4.1kB,1
2022-9-29 17:47:35,1d706db09735,hadoop-slave5.1.ird9ic7e8w4bfb82t1n0hbugx,0.00%,0.01189,/,125.5GiB,0.01%,20.4MB,/,199kB,2.92MB,/,4.1kB,1
2022-09-29 17:47:36,1d706db09735,hadoop-slave5.1.ird9ic7e8w4bfb82t1n0hbugx,0.0%,0.01189,/,125.5GiB,0.01%,20.4MB,/,199kB,2.92MB,/,4.1kB,1
2022-9-29 17:47:37,1d706db09735,hadoop-slave5.1.ird9ic7e8w4bfb82t1n0hbugx,0.00%,0.01189,/,125.5GiB,0.01%,20.4MB,/,199kB,2.92MB,/,4.1kB,1
2022-09-29 17:47:38,1d706db09735,hadoop-slave5.1.ird9ic7e8w4bfb82t1n0hbugx,0.0%,0.01189,/,125.5GiB,0.01%,20.4MB,/,199kB,2.92MB,/,4.1kB,1
2022-9-29 17:47:39,1d706db09735,hadoop-slave5.1.ird9ic7e8w4bfb82t1n0hbugx,0.00%,0.01189,/,125.5GiB,0.01%,20.4MB,/,199kB,2.92MB,/,4.1kB,1
2022-09-29 17:47:40,1d706db09735,hadoop-slave5.1.ird9ic7e8w4bfb82t1n0hbugx,0.0%,0.01189,/,125.5GiB,0.01%,20.4MB,/,199kB,2.92MB,/,4.1kB,1
2022-9-29 17:47:41,1d706db09735,hadoop-slave5.1.ird9ic7e8w4bfb82t1n0hbugx,0.00%,0.01189,/,125.5GiB,0.01%,20.4MB,/,199kB,2.92MB,/,4.1kB,1
2022-09-29 17:47:42,1d706db09735,hadoop-slave5.1.ird9ic7e8w4bfb82t1n0hbugx,0.0%,0.01189,/,125.5GiB,0.01%,20.4MB,/,199kB,2.92MB,/,4.1kB,1
2022-9-29 17:47:43,1d706db09735,hadoop-slave5.1.ird9ic7e8w4bfb82t1n0hbugx,0.00%,0.01189,/,125.5GiB,0.01%,20.4MB,/,199kB,2.92MB,/,4.1kB,1
2022-09-29 17:47:44,1d706db09735,hadoop-slave5.1.ird9ic7e8w4bfb82t1n0hbugx,0.0%,0.01189,/,125.5GiB,0.01%,20.4MB,/,199kB,2.92MB,/,4.1kB,1
2022-9-29 17:47:45,1d706db09735,hadoop-slave5.1.ird9ic7e8w4bfb82t1n0hbugx,0.00%,0.01189,/,125.5GiB,0.01%,20.4MB,/,199kB,2.92MB,/,4.1kB,1
2022-09-29 17:47:46,1d706db09735,hadoop-slave5.1.ird9ic7e8w4bfb82t1n0hbugx,0.0%,0.01189,/,125.5GiB,0.01%,20.4MB,/,199kB,2.92MB,/,4.1kB,1
2022-09-29 17:47:47,1d706db09735,hadoop-slave5.1.ird9ic7e8w4bfb82t1n0hbugx,0.0%,0.01189,/,125.5GiB,0.01%,20.4MB,/,199kB,2.92MB,/,4.1kB,1
2022-9-29 17:47:48,1d706db09735,hadoop-slave5.1.ird9ic7e8w4bfb82t1n0hbugx,0.00%,0.01189,/,125.5GiB,0.01%,20.4MB,/,199kB,2.92MB,/,4.1kB,1
2022-09-29 17:47:49,1d706db09735,hadoop-slave5.1.ird9ic7e8w4bfb82t1n0hbugx,0.0%,0.01189,/,125.5GiB,0.01%,20.4MB,/,199kB,2.92MB,/,4.1kB,1
2022-9-29 17:47:50,1d706db09735,hadoop-slave5.1.ird9ic7e8w4bfb82t1n0hbugx,0.00%,0.01189,/,125.5GiB,0.01%,20.4MB,/,199kB,2.92MB,/,4.1kB,1
2022-09-29 17:47:51,1d706db09735,hadoop-slave5.1.ird9ic7e8w4bfb82t1n0hbugx,0.0%,0.01189,/,125.5GiB,0.01%,20.4MB,/,199kB,2.92MB,/,4.1kB,1
2022-9-29 17:47:52,1d706db09735,hadoop-slave5.1.ird9ic7e8w4bfb82t1n0hbugx,0.00%,0.01189,/,125.5GiB,0.01%,20.4MB,/,199kB,2.92MB,/,4.1kB,1
2022-09-29 17:47:53,1d706db09735,hadoop-slave5.1.ird9ic7e8w4bfb82t1n0hbugx,0.0%,0.01189,/,125.5GiB,0.01%,20.4MB,/,199kB,2.92MB,/,4.1kB,1
2022-9-29 17:47:54,1d706db09735,hadoop-slave5.1.ird9ic7e8w4bfb82t1n0hbugx,0.00%,0.01189,/,125.5GiB,0.01%,20.4MB,/,199kB,2.92MB,/,4.1kB,1
2022-09-29 17:47:55,1d706db09735,hadoop-slave5.1.ird9ic7e8w4bfb82t1n0hbugx,0.0%,0.01189,/,125.5GiB,0.01%,20.4MB,/,199kB,2.92MB,/,4.1kB,1
2022-9-29 17:47:56,1d706db09735,hadoop-slave5.1.ird9ic7e8w4bfb82t1n0hbugx,0.00%,0.01189,/,125.5GiB,0.01%,20.4MB,/,199kB,2.92MB,/,4.1kB,1
2022-09-29 17:47:57,1d706db09735,hadoop-slave5.1.ird9ic7e8w4bfb82t1n0hbugx,0.0%,0.01189,/,125.5GiB,0.01%,20.4MB,/,199kB,2.92MB,/,4.1kB,1
2022-9-29 17:47:58,1d706db09735,hadoop-slave5.1.ird9ic7e8w4bfb82t1n0hbugx,0.00%,0.01189,/,125.5GiB,0.01%,20.4MB,/,199kB,2.92MB,/,4.1kB,1
2022-09-29 17:47:59,1d706db09735,hadoop-slave5.1.ird9ic7e8w4bfb82t1n0hbugx,0.0%,0.01189,/,125.5GiB,0.01%,20.4MB,/,199kB,2.92MB,/,4.1kB,1
2022-9-29 17:48:00,1d706db09735,hadoop-slave5.1.ird9ic7e8w4bfb82t1n0hbugx,0.00%,0.01189,/,125.5GiB,0.01%,20.4MB,/,199kB,2.92MB,/,4.1kB,1
2022-09-29 17:48:01,1d706db09735,hadoop-slave5.1.ird9ic7e8w4bfb82t1n0hbugx,0.0%,0.01189,/,125.5GiB,0.01%,20.4MB,/,199kB,2.92MB,/,4.1kB,1
2022-9-29 17:48:02,1d706db09735,hadoop-slave5.1.ird9ic7e8w4bfb82t1n0hbugx,0.00%,0.01189,/,125.5GiB,0.01%,20.4MB,/,199kB,2.92MB,/,4.1kB,1
2022-09-29 17:48:03,1d706db09735,hadoop-slave5.1.ird9ic7e8w4bfb82t1n0hbugx,0.0%,0.01189,/,125.5GiB,0.01%,20.4MB,/,199kB,2.92MB,/,4.1kB,1
2022-9-29 17:48:04,1d706db09735,hadoop-slave5.1.ird9ic7e8w4bfb82t1n0hbugx,0.00%,0.01189,/,125.5GiB,0.01%,20.4MB,/,199kB,2.92MB,/,4.1kB,1
2022-09-29 17:48:05,1d706db09735,hadoop-slave5.1.ird9ic7e8w4bfb82t1n0hbugx,0.0%,0.01189,/,125.5GiB,0.01%,20.4MB,/,199kB,2.92MB,/,4.1kB,1
2022-9-29 17:48:06,1d706db09735,hadoop-slave5.1.ird9ic7e8w4bfb82t1n0hbugx,0.00%,0.01189,/,125.5GiB,0.01%,20.4MB,/,199kB,2.92MB,/,4.1kB,1
2022-09-29 17:48:07,1d706db09735,hadoop-slave5.1.ird9ic7e8w4bfb82t1n0hbugx,0.0%,0.01189,/,125.5GiB,0.01%,20.4MB,/,199kB,2.92MB,/,4.1kB,1
2022-9-29 17:48:08,1d706db09735,hadoop-slave5.1.ird9ic7e8w4bfb82t1n0hbugx,0.00%,0.01189,/,125.5GiB,0.01%,20.4MB,/,199kB,2.92MB,/,4.1kB,1
2022-09-29 17:48:09,1d706db09735,hadoop-slave5.1.ird9ic7e8w4bfb82t1n0hbugx,0.0%,0.01189,/,125.5GiB,0.01%,20.4MB,/,199kB,2.92MB,/,4.1kB,1
2022-9-29 17:48:10,1d706db09735,hadoop-slave5.1.ird9ic7e8w4bfb82t1n0hbugx,0.00%,0.01189,/,125.5GiB,0.01%,20.4MB,/,199kB,2.92MB,/,4.1kB,1
2022-09-29 17:48:11,1d706db09735,hadoop-slave5.1.ird9ic7e8w4bfb82t1n0hbugx,0.0%,0.01189,/,125.5GiB,0.01%,20.4MB,/,199kB,2.92MB,/,4.1kB,1
2022-9-29 17:48:12,1d706db09735,hadoop-slave5.1.ird9ic7e8w4bfb82t1n0hbugx,0.00%,0.01189,/,125.5GiB,0.01%,20.4MB,/,199kB,2.92MB,/,4.1kB,1
2022-09-29 17:48:13,1d706db09735,hadoop-slave5.1.ird9ic7e8w4bfb82t1n0hbugx,0.0%,0.01189,/,125.5GiB,0.01%,20.4MB,/,199kB,2.92MB,/,4.1kB,1
2022-9-29 17:48:14,1d706db09735,hadoop-slave5.1.ird9ic7e8w4bfb82t1n0hbugx,0.00%,0.01189,/,125.5GiB,0.01%,20.4MB,/,199kB,2.92MB,/,4.1kB,1
2022-09-29 17:48:15,1d706db09735,hadoop-slave5.1.ird9ic7e8w4bfb82t1n0hbugx,0.0%,0.01189,/,125.5GiB,0.01%,20.4MB,/,199kB,2.92MB,/,4.1kB,1
2022-9-29 17:48:16,1d706db09735,hadoop-slave5.1.ird9ic7e8w4bfb82t1n0hbugx,0.00%,0.01189,/,125.5GiB,0.01%,20.4MB,/,199kB,2.92MB,/,4.1kB,1
2022-09-29 17:48:17,1d706db09735,hadoop-slave5.1.ird9ic7e8w4bfb82t1n0hbugx,0.0%,0.01189,/,125.5GiB,0.01%,20.4MB,/,199kB,2.92MB,/,4.1kB,1
2022-9-29 17:48:18,1d706db09735,hadoop-slave5.1.ird9ic7e8w4bfb82t1n0hbugx,0.00%,0.01189,/,125.5GiB,0.01%,20.4MB,/,199kB,2.92MB,/,4.1kB,1
2022-09-29 17:48:19,1d706db09735,hadoop-slave5.1.ird9ic7e8w4bfb82t1n0hbugx,0.0%,0.01189,/,125.5GiB,0.01%,20.4MB,/,199kB,2.92MB,/,4.1kB,1
2022-9-29 17:48:20,1d706db09735,hadoop-slave5.1.ird9ic7e8w4bfb82t1n0hbugx,0.00%,0.01189,/,125.5GiB,0.01%,20.4MB,/,199kB,2.92MB,/,4.1kB,1
2022-09-29 17:48:21,1d706db09735,hadoop-slave5.1.ird9ic7e8w4bfb82t1n0hbugx,0.0%,0.01189,/,125.5GiB,0.01%,20.4MB,/,199kB,2.92MB,/,4.1kB,1
2022-9-29 17:48:22,1d706db09735,hadoop-slave5.1.ird9ic7e8w4bfb82t1n0hbugx,0.00%,0.01189,/,125.5GiB,0.01%,20.4MB,/,199kB,2.92MB,/,4.1kB,1
2022-09-29 17:48:23,1d706db09735,hadoop-slave5.1.ird9ic7e8w4bfb82t1n0hbugx,0.0%,0.01189,/,125.5GiB,0.01%,20.4MB,/,199kB,2.92MB,/,4.1kB,1
2022-9-29 17:48:24,1d706db09735,hadoop-slave5.1.ird9ic7e8w4bfb82t1n0hbugx,0.00%,0.01189,/,125.5GiB,0.01%,20.4MB,/,199kB,2.92MB,/,4.1kB,1
2022-09-29 17:48:25,1d706db09735,hadoop-slave5.1.ird9ic7e8w4bfb82t1n0hbugx,0.0%,0.01189,/,125.5GiB,0.01%,20.4MB,/,199kB,2.92MB,/,4.1kB,1
2022-9-29 17:48:26,1d706db09735,hadoop-slave5.1.ird9ic7e8w4bfb82t1n0hbugx,0.00%,0.01189,/,125.5GiB,0.01%,20.4MB,/,199kB,2.92MB,/,4.1kB,1
2022-09-29 17:48:27,1d706db09735,hadoop-slave5.1.ird9ic7e8w4bfb82t1n0hbugx,0.0%,0.01189,/,125.5GiB,0.01%,20.4MB,/,199kB,2.92MB,/,4.1kB,1
2022-9-29 17:48:28,1d706db09735,hadoop-slave5.1.ird9ic7e8w4bfb82t1n0hbugx,0.00%,0.01189,/,125.5GiB,0.01%,20.4MB,/,199kB,2.92MB,/,4.1kB,1
2022-09-29 17:48:29,1d706db09735,hadoop-slave5.1.ird9ic7e8w4bfb82t1n0hbugx,0.0%,0.01189,/,125.5GiB,0.01%,20.4MB,/,199kB,2.92MB,/,4.1kB,1
2022-9-29 17:48:30,1d706db09735,hadoop-slave5.1.ird9ic7e8w4bfb82t1n0hbugx,0.00%,0.01189,/,125.5GiB,0.01%,20.4MB,/,199kB,2.92MB,/,4.1kB,1
2022-09-29 17:48:31,1d706db09735,hadoop-slave5.1.ird9ic7e8w4bfb82t1n0hbugx,0.0%,0.01189,/,125.5GiB,0.01%,20.4MB,/,199kB,2.92MB,/,4.1kB,1
2022-9-29 17:48:32,1d706db09735,hadoop-slave5.1.ird9ic7e8w4bfb82t1n0hbugx,0.00%,0.01189,/,125.5GiB,0.01%,20.4MB,/,199kB,2.92MB,/,4.1kB,1
2022-09-29 17:48:33,1d706db09735,hadoop-slave5.1.ird9ic7e8w4bfb82t1n0hbugx,0.0%,0.01189,/,125.5GiB,0.01%,20.4MB,/,199kB,2.92MB,/,4.1kB,1
2022-9-29 17:48:34,1d706db09735,hadoop-slave5.1.ird9ic7e8w4bfb82t1n0hbugx,0.00%,0.01189,/,125.5GiB,0.01%,20.4MB,/,199kB,2.92MB,/,4.1kB,1
2022-09-29 17:48:35,1d706db09735,hadoop-slave5.1.ird9ic7e8w4bfb82t1n0hbugx,0.0%,0.01189,/,125.5GiB,0.01%,20.4MB,/,199kB,2.92MB,/,4.1kB,1
2022-9-29 17:48:36,1d706db09735,hadoop-slave5.1.ird9ic7e8w4bfb82t1n0hbugx,0.00%,0.01189,/,125.5GiB,0.01%,20.4MB,/,199kB,2.92MB,/,4.1kB,1
2022-09-29 17:48:37,1d706db09735,hadoop-slave5.1.ird9ic7e8w4bfb82t1n0hbugx,0.0%,0.01189,/,125.5GiB,0.01%,20.4MB,/,199kB,2.92MB,/,4.1kB,1
2022-9-29 17:48:38,1d706db09735,hadoop-slave5.1.ird9ic7e8w4bfb82t1n0hbugx,0.00%,0.01189,/,125.5GiB,0.01%,20.4MB,/,199kB,2.92MB,/,4.1kB,1
2022-09-29 17:48:39,1d706db09735,hadoop-slave5.1.ird9ic7e8w4bfb82t1n0hbugx,0.0%,0.01189,/,125.5GiB,0.01%,20.4MB,/,199kB,2.92MB,/,4.1kB,1
2022-9-29 17:48:40,1d706db09735,hadoop-slave5.1.ird9ic7e8w4bfb82t1n0hbugx,0.00%,0.01189,/,125.5GiB,0.01%,20.4MB,/,199kB,2.92MB,/,4.1kB,1
2022-09-29 17:48:41,1d706db09735,hadoop-slave5.1.ird9ic7e8w4bfb82t1n0hbugx,0.0%,0.01189,/,125.5GiB,0.01%,20.4MB,/,199kB,2.92MB,/,4.1kB,1
2022-9-29 17:48:42,1d706db09735,hadoop-slave5.1.ird9ic7e8w4bfb82t1n0hbugx,0.00%,0.01189,/,125.5GiB,0.01%,20.4MB,/,199kB,2.92MB,/,4.1kB,1
2022-09-29 17:48:43,1d706db09735,hadoop-slave5.1.ird9ic7e8w4bfb82t1n0hbugx,0.0%,0.01189,/,125.5GiB,0.01%,20.4MB,/,199kB,2.92MB,/,4.1kB,1
2022-9-29 17:48:44,1d706db09735,hadoop-slave5.1.ird9ic7e8w4bfb82t1n0hbugx,0.00%,0.01189,/,125.5GiB,0.01%,20.4MB,/,199kB,2.92MB,/,4.1kB,1
2022-09-29 17:48:45,1d706db09735,hadoop-slave5.1.ird9ic7e8w4bfb82t1n0hbugx,0.0%,0.01189,/,125.5GiB,0.01%,20.4MB,/,199kB,2.92MB,/,4.1kB,1
2022-9-29 17:48:46,1d706db09735,hadoop-slave5.1.ird9ic7e8w4bfb82t1n0hbugx,0.00%,0.01189,/,125.5GiB,0.01%,20.4MB,/,199kB,2.92MB,/,4.1kB,1
2022-09-29 17:48:47,1d706db09735,hadoop-slave5.1.ird9ic7e8w4bfb82t1n0hbugx,0.0%,0.01189,/,125.5GiB,0.01%,20.4MB,/,199kB,2.92MB,/,4.1kB,1
2022-9-29 17:48:48,1d706db09735,hadoop-slave5.1.ird9ic7e8w4bfb82t1n0hbugx,0.00%,0.01189,/,125.5GiB,0.01%,20.4MB,/,199kB,2.92MB,/,4.1kB,1
2022-09-29 17:48:49,1d706db09735,hadoop-slave5.1.ird9ic7e8w4bfb82t1n0hbugx,0.0%,0.01189,/,125.5GiB,0.01%,20.4MB,/,199kB,2.92MB,/,4.1kB,1
2022-9-29 17:48:50,1d706db09735,hadoop-slave5.1.ird9ic7e8w4bfb82t1n0hbugx,0.00%,0.01189,/,125.5GiB,0.01%,20.4MB,/,199kB,2.92MB,/,4.1kB,1
2022-09-29 17:48:51,1d706db09735,hadoop-slave5.1.ird9ic7e8w4bfb82t1n0hbugx,0.0%,0.01189,/,125.5GiB,0.01%,20.4MB,/,199kB,2.92MB,/,4.1kB,1
2022-9-29 17:48:52,1d706db09735,hadoop-slave5.1.ird9ic7e8w4bfb82t1n0hbugx,0.00%,0.01189,/,125.5GiB,0.01%,20.4MB,/,199kB,2.92MB,/,4.1kB,1
2022-09-29 17:48:53,1d706db09735,hadoop-slave5.1.ird9ic7e8w4bfb82t1n0hbugx,0.0%,0.01189,/,125.5GiB,0.01%,20.4MB,/,199kB,2.92MB,/,4.1kB,1
2022-09-29 17:48:54,1d706db09735,hadoop-slave5.1.ird9ic7e8w4bfb82t1n0hbugx,0.0%,0.01189,/,125.5GiB,0.01%,20.4MB,/,199kB,2.92MB,/,4.1kB,1
2022-9-29 17:48:55,1d706db09735,hadoop-slave5.1.ird9ic7e8w4bfb82t1n0hbugx,0.00%,0.01189,/,125.5GiB,0.01%,20.4MB,/,199kB,2.92MB,/,4.1kB,1
2022-09-29 17:48:56,1d706db09735,hadoop-slave5.1.ird9ic7e8w4bfb82t1n0hbugx,0.0%,0.01189,/,125.5GiB,0.01%,20.4MB,/,199kB,2.92MB,/,4.1kB,1
2022-9-29 17:48:57,1d706db09735,hadoop-slave5.1.ird9ic7e8w4bfb82t1n0hbugx,0.00%,0.01189,/,125.5GiB,0.01%,20.4MB,/,199kB,2.92MB,/,4.1kB,1
2022-09-29 17:48:58,1d706db09735,hadoop-slave5.1.ird9ic7e8w4bfb82t1n0hbugx,0.0%,0.01189,/,125.5GiB,0.01%,20.4MB,/,199kB,2.92MB,/,4.1kB,1
2022-9-29 17:48:59,1d706db09735,hadoop-slave5.1.ird9ic7e8w4bfb82t1n0hbugx,0.00%,0.01189,/,125.5GiB,0.01%,20.4MB,/,199kB,2.92MB,/,4.1kB,1
2022-09-29 17:49:00,1d706db09735,hadoop-slave5.1.ird9ic7e8w4bfb82t1n0hbugx,0.0%,0.01189,/,125.5GiB,0.01%,20.4MB,/,199kB,2.92MB,/,4.1kB,1
2022-9-29 17:49:01,1d706db09735,hadoop-slave5.1.ird9ic7e8w4bfb82t1n0hbugx,0.00%,0.01189,/,125.5GiB,0.01%,20.4MB,/,199kB,2.92MB,/,4.1kB,1
2022-09-29 17:49:02,1d706db09735,hadoop-slave5.1.ird9ic7e8w4bfb82t1n0hbugx,0.0%,0.01189,/,125.5GiB,0.01%,20.4MB,/,199kB,2.92MB,/,4.1kB,1
2022-9-29 17:49:03,1d706db09735,hadoop-slave5.1.ird9ic7e8w4bfb82t1n0hbugx,0.00%,0.01189,/,125.5GiB,0.01%,20.4MB,/,199kB,2.92MB,/,4.1kB,1
2022-09-29 17:49:04,1d706db09735,hadoop-slave5.1.ird9ic7e8w4bfb82t1n0hbugx,0.0%,0.01189,/,125.5GiB,0.01%,20.4MB,/,199kB,2.92MB,/,4.1kB,1
2022-9-29 17:49:05,1d706db09735,hadoop-slave5.1.ird9ic7e8w4bfb82t1n0hbugx,0.00%,0.01189,/,125.5GiB,0.01%,20.4MB,/,199kB,2.92MB,/,4.1kB,1
2022-09-29 17:49:06,1d706db09735,hadoop-slave5.1.ird9ic7e8w4bfb82t1n0hbugx,0.0%,0.01189,/,125.5GiB,0.01%,20.4MB,/,199kB,2.92MB,/,4.1kB,1
2022-9-29 17:49:07,1d706db09735,hadoop-slave5.1.ird9ic7e8w4bfb82t1n0hbugx,0.00%,0.01189,/,125.5GiB,0.01%,20.4MB,/,199kB,2.92MB,/,4.1kB,1
2022-09-29 17:49:08,1d706db09735,hadoop-slave5.1.ird9ic7e8w4bfb82t1n0hbugx,0.0%,0.01189,/,125.5GiB,0.01%,20.4MB,/,199kB,2.92MB,/,4.1kB,1
2022-9-29 17:49:09,1d706db09735,hadoop-slave5.1.ird9ic7e8w4bfb82t1n0hbugx,0.00%,0.01189,/,125.5GiB,0.01%,20.4MB,/,199kB,2.92MB,/,4.1kB,1
2022-09-29 17:49:10,1d706db09735,hadoop-slave5.1.ird9ic7e8w4bfb82t1n0hbugx,0.0%,0.01189,/,125.5GiB,0.01%,20.4MB,/,199kB,2.92MB,/,4.1kB,1
2022-9-29 17:49:11,1d706db09735,hadoop-slave5.1.ird9ic7e8w4bfb82t1n0hbugx,0.00%,0.01189,/,125.5GiB,0.01%,20.4MB,/,199kB,2.92MB,/,4.1kB,1
2022-09-29 17:49:12,1d706db09735,hadoop-slave5.1.ird9ic7e8w4bfb82t1n0hbugx,0.0%,0.01189,/,125.5GiB,0.01%,20.4MB,/,199kB,2.92MB,/,4.1kB,1
2022-9-29 17:49:13,1d706db09735,hadoop-slave5.1.ird9ic7e8w4bfb82t1n0hbugx,0.00%,0.01189,/,125.5GiB,0.01%,20.4MB,/,199kB,2.92MB,/,4.1kB,1
2022-09-29 17:49:14,1d706db09735,hadoop-slave5.1.ird9ic7e8w4bfb82t1n0hbugx,0.0%,0.01189,/,125.5GiB,0.01%,20.4MB,/,199kB,2.92MB,/,4.1kB,1
2022-9-29 17:49:15,1d706db09735,hadoop-slave5.1.ird9ic7e8w4bfb82t1n0hbugx,0.00%,0.01189,/,125.5GiB,0.01%,20.4MB,/,199kB,2.92MB,/,4.1kB,1
2022-09-29 17:49:16,1d706db09735,hadoop-slave5.1.ird9ic7e8w4bfb82t1n0hbugx,0.0%,0.01189,/,125.5GiB,0.01%,20.4MB,/,199kB,2.92MB,/,4.1kB,1
2022-9-29 17:49:17,1d706db09735,hadoop-slave5.1.ird9ic7e8w4bfb82t1n0hbugx,0.00%,0.01189,/,125.5GiB,0.01%,20.4MB,/,199kB,2.92MB,/,4.1kB,1
2022-09-29 17:49:18,1d706db09735,hadoop-slave5.1.ird9ic7e8w4bfb82t1n0hbugx,0.0%,0.01189,/,125.5GiB,0.01%,20.4MB,/,199kB,2.92MB,/,4.1kB,1
2022-9-29 17:49:19,1d706db09735,hadoop-slave5.1.ird9ic7e8w4bfb82t1n0hbugx,0.00%,0.01189,/,125.5GiB,0.01%,20.4MB,/,199kB,2.92MB,/,4.1kB,1
2022-09-29 17:49:20,1d706db09735,hadoop-slave5.1.ird9ic7e8w4bfb82t1n0hbugx,0.0%,0.01189,/,125.5GiB,0.01%,20.4MB,/,199kB,2.92MB,/,4.1kB,1
2022-9-29 17:49:21,1d706db09735,hadoop-slave5.1.ird9ic7e8w4bfb82t1n0hbugx,0.00%,0.01189,/,125.5GiB,0.01%,20.4MB,/,199kB,2.92MB,/,4.1kB,1
2022-09-29 17:49:22,1d706db09735,hadoop-slave5.1.ird9ic7e8w4bfb82t1n0hbugx,0.0%,0.01189,/,125.5GiB,0.01%,20.4MB,/,199kB,2.92MB,/,4.1kB,1
2022-9-29 17:49:23,1d706db09735,hadoop-slave5.1.ird9ic7e8w4bfb82t1n0hbugx,0.00%,0.01189,/,125.5GiB,0.01%,20.4MB,/,199kB,2.92MB,/,4.1kB,1
2022-09-29 17:49:24,1d706db09735,hadoop-slave5.1.ird9ic7e8w4bfb82t1n0hbugx,0.0%,0.01189,/,125.5GiB,0.01%,20.4MB,/,199kB,2.92MB,/,4.1kB,1
2022-9-29 17:49:25,1d706db09735,hadoop-slave5.1.ird9ic7e8w4bfb82t1n0hbugx,0.00%,0.01189,/,125.5GiB,0.01%,20.4MB,/,199kB,2.92MB,/,4.1kB,1
2022-09-29 17:49:26,1d706db09735,hadoop-slave5.1.ird9ic7e8w4bfb82t1n0hbugx,0.0%,0.01189,/,125.5GiB,0.01%,20.4MB,/,199kB,2.92MB,/,4.1kB,1
2022-9-29 17:49:27,1d706db09735,hadoop-slave5.1.ird9ic7e8w4bfb82t1n0hbugx,0.00%,0.01189,/,125.5GiB,0.01%,20.4MB,/,199kB,2.92MB,/,4.1kB,1
2022-09-29 17:49:28,1d706db09735,hadoop-slave5.1.ird9ic7e8w4bfb82t1n0hbugx,0.0%,0.01189,/,125.5GiB,0.01%,20.4MB,/,199kB,2.92MB,/,4.1kB,1
2022-9-29 17:49:29,1d706db09735,hadoop-slave5.1.ird9ic7e8w4bfb82t1n0hbugx,0.00%,0.01189,/,125.5GiB,0.01%,20.4MB,/,199kB,2.92MB,/,4.1kB,1
2022-09-29 17:49:30,1d706db09735,hadoop-slave5.1.ird9ic7e8w4bfb82t1n0hbugx,0.0%,0.01189,/,125.5GiB,0.01%,20.4MB,/,199kB,2.92MB,/,4.1kB,1
2022-9-29 17:49:31,1d706db09735,hadoop-slave5.1.ird9ic7e8w4bfb82t1n0hbugx,0.00%,0.01189,/,125.5GiB,0.01%,20.4MB,/,199kB,2.92MB,/,4.1kB,1
2022-09-29 17:49:32,1d706db09735,hadoop-slave5.1.ird9ic7e8w4bfb82t1n0hbugx,0.0%,0.01189,/,125.5GiB,0.01%,20.4MB,/,199kB,2.92MB,/,4.1kB,1
2022-9-29 17:49:33,1d706db09735,hadoop-slave5.1.ird9ic7e8w4bfb82t1n0hbugx,0.00%,0.01189,/,125.5GiB,0.01%,20.4MB,/,199kB,2.92MB,/,4.1kB,1
2022-09-29 17:49:34,1d706db09735,hadoop-slave5.1.ird9ic7e8w4bfb82t1n0hbugx,0.0%,0.01189,/,125.5GiB,0.01%,20.4MB,/,199kB,2.92MB,/,4.1kB,1
2022-9-29 17:49:35,1d706db09735,hadoop-slave5.1.ird9ic7e8w4bfb82t1n0hbugx,0.00%,0.01189,/,125.5GiB,0.01%,20.4MB,/,199kB,2.92MB,/,4.1kB,1
2022-09-29 17:49:36,1d706db09735,hadoop-slave5.1.ird9ic7e8w4bfb82t1n0hbugx,0.0%,0.01189,/,125.5GiB,0.01%,20.4MB,/,199kB,2.92MB,/,4.1kB,1
2022-9-29 17:49:37,1d706db09735,hadoop-slave5.1.ird9ic7e8w4bfb82t1n0hbugx,0.00%,0.01189,/,125.5GiB,0.01%,20.4MB,/,199kB,2.92MB,/,4.1kB,1
2022-09-29 17:49:38,1d706db09735,hadoop-slave5.1.ird9ic7e8w4bfb82t1n0hbugx,0.0%,0.01189,/,125.5GiB,0.01%,20.4MB,/,199kB,2.92MB,/,4.1kB,1
2022-9-29 17:49:39,1d706db09735,hadoop-slave5.1.ird9ic7e8w4bfb82t1n0hbugx,0.00%,0.01189,/,125.5GiB,0.01%,20.4MB,/,199kB,2.92MB,/,4.1kB,1
2022-09-29 17:49:40,1d706db09735,hadoop-slave5.1.ird9ic7e8w4bfb82t1n0hbugx,0.0%,0.01189,/,125.5GiB,0.01%,20.4MB,/,199kB,2.92MB,/,4.1kB,1
2022-9-29 17:49:41,1d706db09735,hadoop-slave5.1.ird9ic7e8w4bfb82t1n0hbugx,0.00%,0.01189,/,125.5GiB,0.01%,20.4MB,/,199kB,2.92MB,/,4.1kB,1
2022-09-29 17:49:42,1d706db09735,hadoop-slave5.1.ird9ic7e8w4bfb82t1n0hbugx,0.0%,0.01189,/,125.5GiB,0.01%,20.4MB,/,199kB,2.92MB,/,4.1kB,1
2022-9-29 17:49:43,1d706db09735,hadoop-slave5.1.ird9ic7e8w4bfb82t1n0hbugx,0.00%,0.01189,/,125.5GiB,0.01%,20.4MB,/,199kB,2.92MB,/,4.1kB,1
2022-09-29 17:49:44,1d706db09735,hadoop-slave5.1.ird9ic7e8w4bfb82t1n0hbugx,0.0%,0.01189,/,125.5GiB,0.01%,20.4MB,/,199kB,2.92MB,/,4.1kB,1
2022-9-29 17:49:45,1d706db09735,hadoop-slave5.1.ird9ic7e8w4bfb82t1n0hbugx,0.00%,0.01189,/,125.5GiB,0.01%,20.4MB,/,199kB,2.92MB,/,4.1kB,1
2022-09-29 17:49:46,1d706db09735,hadoop-slave5.1.ird9ic7e8w4bfb82t1n0hbugx,0.0%,0.01189,/,125.5GiB,0.01%,20.4MB,/,199kB,2.92MB,/,4.1kB,1
2022-9-29 17:49:47,1d706db09735,hadoop-slave5.1.ird9ic7e8w4bfb82t1n0hbugx,0.00%,0.01189,/,125.5GiB,0.01%,20.4MB,/,199kB,2.92MB,/,4.1kB,1
2022-09-29 17:49:48,1d706db09735,hadoop-slave5.1.ird9ic7e8w4bfb82t1n0hbugx,0.0%,0.01189,/,125.5GiB,0.01%,20.4MB,/,199kB,2.92MB,/,4.1kB,1
2022-09-29 17:49:49,1d706db09735,hadoop-slave5.1.ird9ic7e8w4bfb82t1n0hbugx,0.0%,0.01189,/,125.5GiB,0.01%,20.4MB,/,199kB,2.92MB,/,4.1kB,1
2022-9-29 17:49:50,1d706db09735,hadoop-slave5.1.ird9ic7e8w4bfb82t1n0hbugx,0.00%,0.01189,/,125.5GiB,0.01%,20.4MB,/,199kB,2.92MB,/,4.1kB,1
2022-09-29 17:49:51,1d706db09735,hadoop-slave5.1.ird9ic7e8w4bfb82t1n0hbugx,0.0%,0.01189,/,125.5GiB,0.01%,20.4MB,/,199kB,2.92MB,/,4.1kB,1
2022-9-29 17:49:52,1d706db09735,hadoop-slave5.1.ird9ic7e8w4bfb82t1n0hbugx,0.00%,0.01189,/,125.5GiB,0.01%,20.4MB,/,199kB,2.92MB,/,4.1kB,1
2022-09-29 17:49:53,1d706db09735,hadoop-slave5.1.ird9ic7e8w4bfb82t1n0hbugx,0.0%,0.01189,/,125.5GiB,0.01%,20.4MB,/,199kB,2.92MB,/,4.1kB,1
2022-9-29 17:49:54,1d706db09735,hadoop-slave5.1.ird9ic7e8w4bfb82t1n0hbugx,0.00%,0.01189,/,125.5GiB,0.01%,20.4MB,/,199kB,2.92MB,/,4.1kB,1
2022-09-29 17:49:55,1d706db09735,hadoop-slave5.1.ird9ic7e8w4bfb82t1n0hbugx,0.0%,0.01189,/,125.5GiB,0.01%,20.4MB,/,199kB,2.92MB,/,4.1kB,1
2022-9-29 17:49:56,1d706db09735,hadoop-slave5.1.ird9ic7e8w4bfb82t1n0hbugx,0.00%,0.01189,/,125.5GiB,0.01%,20.4MB,/,199kB,2.92MB,/,4.1kB,1
2022-09-29 17:49:57,1d706db09735,hadoop-slave5.1.ird9ic7e8w4bfb82t1n0hbugx,0.0%,0.01189,/,125.5GiB,0.01%,20.4MB,/,199kB,2.92MB,/,4.1kB,1
2022-9-29 17:49:58,1d706db09735,hadoop-slave5.1.ird9ic7e8w4bfb82t1n0hbugx,0.00%,0.01189,/,125.5GiB,0.01%,20.4MB,/,199kB,2.92MB,/,4.1kB,1
2022-09-29 17:49:59,1d706db09735,hadoop-slave5.1.ird9ic7e8w4bfb82t1n0hbugx,0.0%,0.01189,/,125.5GiB,0.01%,20.4MB,/,199kB,2.92MB,/,4.1kB,1
2022-9-29 17:50:00,1d706db09735,hadoop-slave5.1.ird9ic7e8w4bfb82t1n0hbugx,0.00%,0.01189,/,125.5GiB,0.01%,20.4MB,/,199kB,2.92MB,/,4.1kB,1
2022-09-29 17:50:01,1d706db09735,hadoop-slave5.1.ird9ic7e8w4bfb82t1n0hbugx,0.0%,0.01189,/,125.5GiB,0.01%,20.4MB,/,199kB,2.92MB,/,4.1kB,1
2022-9-29 17:50:02,1d706db09735,hadoop-slave5.1.ird9ic7e8w4bfb82t1n0hbugx,0.00%,0.01189,/,125.5GiB,0.01%,20.4MB,/,199kB,2.92MB,/,4.1kB,1
2022-09-29 17:50:03,1d706db09735,hadoop-slave5.1.ird9ic7e8w4bfb82t1n0hbugx,0.0%,0.01189,/,125.5GiB,0.01%,20.4MB,/,199kB,2.92MB,/,4.1kB,1
2022-9-29 17:50:04,1d706db09735,hadoop-slave5.1.ird9ic7e8w4bfb82t1n0hbugx,0.00%,0.01189,/,125.5GiB,0.01%,20.4MB,/,199kB,2.92MB,/,4.1kB,1
2022-09-29 17:50:05,1d706db09735,hadoop-slave5.1.ird9ic7e8w4bfb82t1n0hbugx,0.0%,0.01189,/,125.5GiB,0.01%,20.4MB,/,199kB,2.92MB,/,4.1kB,1
2022-9-29 17:50:06,1d706db09735,hadoop-slave5.1.ird9ic7e8w4bfb82t1n0hbugx,0.00%,0.01189,/,125.5GiB,0.01%,20.4MB,/,199kB,2.92MB,/,4.1kB,1
2022-09-29 17:50:07,1d706db09735,hadoop-slave5.1.ird9ic7e8w4bfb82t1n0hbugx,0.0%,0.01189,/,125.5GiB,0.01%,20.4MB,/,199kB,2.92MB,/,4.1kB,1
2022-9-29 17:50:08,1d706db09735,hadoop-slave5.1.ird9ic7e8w4bfb82t1n0hbugx,0.00%,0.01189,/,125.5GiB,0.01%,20.4MB,/,199kB,2.92MB,/,4.1kB,1
2022-09-29 17:50:09,1d706db09735,hadoop-slave5.1.ird9ic7e8w4bfb82t1n0hbugx,0.0%,0.01189,/,125.5GiB,0.01%,20.4MB,/,199kB,2.92MB,/,4.1kB,1
2022-9-29 17:50:10,1d706db09735,hadoop-slave5.1.ird9ic7e8w4bfb82t1n0hbugx,0.00%,0.01189,/,125.5GiB,0.01%,20.4MB,/,199kB,2.92MB,/,4.1kB,1
2022-09-29 17:50:11,1d706db09735,hadoop-slave5.1.ird9ic7e8w4bfb82t1n0hbugx,0.0%,0.01189,/,125.5GiB,0.01%,20.4MB,/,199kB,2.92MB,/,4.1kB,1
2022-9-29 17:50:12,1d706db09735,hadoop-slave5.1.ird9ic7e8w4bfb82t1n0hbugx,0.00%,0.01189,/,125.5GiB,0.01%,20.4MB,/,199kB,2.92MB,/,4.1kB,1
2022-09-29 17:50:13,1d706db09735,hadoop-slave5.1.ird9ic7e8w4bfb82t1n0hbugx,0.0%,0.01189,/,125.5GiB,0.01%,20.4MB,/,199kB,2.92MB,/,4.1kB,1
2022-9-29 17:50:14,1d706db09735,hadoop-slave5.1.ird9ic7e8w4bfb82t1n0hbugx,0.00%,0.01189,/,125.5GiB,0.01%,20.4MB,/,199kB,2.92MB,/,4.1kB,1
2022-09-29 17:50:15,1d706db09735,hadoop-slave5.1.ird9ic7e8w4bfb82t1n0hbugx,0.0%,0.01189,/,125.5GiB,0.01%,20.4MB,/,199kB,2.92MB,/,4.1kB,1
2022-9-29 17:50:16,1d706db09735,hadoop-slave5.1.ird9ic7e8w4bfb82t1n0hbugx,0.00%,0.01189,/,125.5GiB,0.01%,20.4MB,/,199kB,2.92MB,/,4.1kB,1
2022-09-29 17:50:17,1d706db09735,hadoop-slave5.1.ird9ic7e8w4bfb82t1n0hbugx,0.0%,0.01189,/,125.5GiB,0.01%,20.4MB,/,199kB,2.92MB,/,4.1kB,1
2022-9-29 17:50:18,1d706db09735,hadoop-slave5.1.ird9ic7e8w4bfb82t1n0hbugx,0.00%,0.01189,/,125.5GiB,0.01%,20.4MB,/,199kB,2.92MB,/,4.1kB,1
2022-09-29 17:50:19,1d706db09735,hadoop-slave5.1.ird9ic7e8w4bfb82t1n0hbugx,0.0%,0.01189,/,125.5GiB,0.01%,20.4MB,/,199kB,2.92MB,/,4.1kB,1
2022-9-29 17:50:20,1d706db09735,hadoop-slave5.1.ird9ic7e8w4bfb82t1n0hbugx,0.00%,0.01189,/,125.5GiB,0.01%,20.4MB,/,199kB,2.92MB,/,4.1kB,1
2022-09-29 17:50:21,1d706db09735,hadoop-slave5.1.ird9ic7e8w4bfb82t1n0hbugx,0.0%,0.01189,/,125.5GiB,0.01%,20.4MB,/,199kB,2.92MB,/,4.1kB,1
2022-9-29 17:50:22,1d706db09735,hadoop-slave5.1.ird9ic7e8w4bfb82t1n0hbugx,0.00%,0.01189,/,125.5GiB,0.01%,20.4MB,/,199kB,2.92MB,/,4.1kB,1
2022-09-29 17:50:23,1d706db09735,hadoop-slave5.1.ird9ic7e8w4bfb82t1n0hbugx,0.0%,0.01189,/,125.5GiB,0.01%,20.4MB,/,199kB,2.92MB,/,4.1kB,1
2022-9-29 17:50:24,1d706db09735,hadoop-slave5.1.ird9ic7e8w4bfb82t1n0hbugx,0.00%,0.01189,/,125.5GiB,0.01%,20.4MB,/,199kB,2.92MB,/,4.1kB,1
2022-09-29 17:50:25,1d706db09735,hadoop-slave5.1.ird9ic7e8w4bfb82t1n0hbugx,0.0%,0.01189,/,125.5GiB,0.01%,20.4MB,/,199kB,2.92MB,/,4.1kB,1
2022-9-29 17:50:26,1d706db09735,hadoop-slave5.1.ird9ic7e8w4bfb82t1n0hbugx,0.00%,0.01189,/,125.5GiB,0.01%,20.4MB,/,199kB,2.92MB,/,4.1kB,1
2022-09-29 17:50:27,1d706db09735,hadoop-slave5.1.ird9ic7e8w4bfb82t1n0hbugx,0.0%,0.01189,/,125.5GiB,0.01%,20.4MB,/,199kB,2.92MB,/,4.1kB,1
2022-9-29 17:50:28,1d706db09735,hadoop-slave5.1.ird9ic7e8w4bfb82t1n0hbugx,0.00%,0.01189,/,125.5GiB,0.01%,20.4MB,/,199kB,2.92MB,/,4.1kB,1
2022-09-29 17:50:29,1d706db09735,hadoop-slave5.1.ird9ic7e8w4bfb82t1n0hbugx,0.0%,0.01189,/,125.5GiB,0.01%,20.4MB,/,199kB,2.92MB,/,4.1kB,1
2022-9-29 17:50:30,1d706db09735,hadoop-slave5.1.ird9ic7e8w4bfb82t1n0hbugx,0.00%,0.01189,/,125.5GiB,0.01%,20.4MB,/,199kB,2.92MB,/,4.1kB,1
2022-09-29 17:50:31,1d706db09735,hadoop-slave5.1.ird9ic7e8w4bfb82t1n0hbugx,0.0%,0.01189,/,125.5GiB,0.01%,20.4MB,/,199kB,2.92MB,/,4.1kB,1
2022-9-29 17:50:32,1d706db09735,hadoop-slave5.1.ird9ic7e8w4bfb82t1n0hbugx,0.00%,0.01189,/,125.5GiB,0.01%,20.4MB,/,199kB,2.92MB,/,4.1kB,1
2022-09-29 17:50:33,1d706db09735,hadoop-slave5.1.ird9ic7e8w4bfb82t1n0hbugx,0.0%,0.01189,/,125.5GiB,0.01%,20.4MB,/,199kB,2.92MB,/,4.1kB,1
2022-9-29 17:50:34,1d706db09735,hadoop-slave5.1.ird9ic7e8w4bfb82t1n0hbugx,0.00%,0.01189,/,125.5GiB,0.01%,20.4MB,/,199kB,2.92MB,/,4.1kB,1
2022-09-29 17:50:35,1d706db09735,hadoop-slave5.1.ird9ic7e8w4bfb82t1n0hbugx,0.0%,0.01189,/,125.5GiB,0.01%,20.4MB,/,199kB,2.92MB,/,4.1kB,1
2022-9-29 17:50:36,1d706db09735,hadoop-slave5.1.ird9ic7e8w4bfb82t1n0hbugx,0.00%,0.01189,/,125.5GiB,0.01%,20.4MB,/,199kB,2.92MB,/,4.1kB,1
2022-09-29 17:50:37,1d706db09735,hadoop-slave5.1.ird9ic7e8w4bfb82t1n0hbugx,0.0%,0.01189,/,125.5GiB,0.01%,20.4MB,/,199kB,2.92MB,/,4.1kB,1
2022-9-29 17:50:38,1d706db09735,hadoop-slave5.1.ird9ic7e8w4bfb82t1n0hbugx,0.00%,0.01189,/,125.5GiB,0.01%,20.4MB,/,199kB,2.92MB,/,4.1kB,1
2022-09-29 17:50:39,1d706db09735,hadoop-slave5.1.ird9ic7e8w4bfb82t1n0hbugx,0.0%,0.01189,/,125.5GiB,0.01%,20.4MB,/,199kB,2.92MB,/,4.1kB,1
2022-9-29 17:50:40,1d706db09735,hadoop-slave5.1.ird9ic7e8w4bfb82t1n0hbugx,0.00%,0.01189,/,125.5GiB,0.01%,20.4MB,/,199kB,2.92MB,/,4.1kB,1
2022-09-29 17:50:41,1d706db09735,hadoop-slave5.1.ird9ic7e8w4bfb82t1n0hbugx,0.0%,0.01189,/,125.5GiB,0.01%,20.4MB,/,199kB,2.92MB,/,4.1kB,1
2022-9-29 17:50:42,1d706db09735,hadoop-slave5.1.ird9ic7e8w4bfb82t1n0hbugx,0.00%,0.01189,/,125.5GiB,0.01%,20.4MB,/,199kB,2.92MB,/,4.1kB,1
2022-09-29 17:50:43,1d706db09735,hadoop-slave5.1.ird9ic7e8w4bfb82t1n0hbugx,0.0%,0.01189,/,125.5GiB,0.01%,20.4MB,/,199kB,2.92MB,/,4.1kB,1
2022-9-29 17:50:44,1d706db09735,hadoop-slave5.1.ird9ic7e8w4bfb82t1n0hbugx,0.00%,0.01189,/,125.5GiB,0.01%,20.4MB,/,199kB,2.92MB,/,4.1kB,1
2022-09-29 17:50:45,1d706db09735,hadoop-slave5.1.ird9ic7e8w4bfb82t1n0hbugx,0.0%,0.01189,/,125.5GiB,0.01%,20.4MB,/,199kB,2.92MB,/,4.1kB,1
2022-9-29 17:50:46,1d706db09735,hadoop-slave5.1.ird9ic7e8w4bfb82t1n0hbugx,0.00%,0.01189,/,125.5GiB,0.01%,20.4MB,/,199kB,2.92MB,/,4.1kB,1
2022-09-29 17:50:47,1d706db09735,hadoop-slave5.1.ird9ic7e8w4bfb82t1n0hbugx,0.0%,0.01189,/,125.5GiB,0.01%,20.4MB,/,199kB,2.92MB,/,4.1kB,1
2022-9-29 17:50:48,1d706db09735,hadoop-slave5.1.ird9ic7e8w4bfb82t1n0hbugx,0.00%,0.01189,/,125.5GiB,0.01%,20.4MB,/,199kB,2.92MB,/,4.1kB,1
2022-09-29 17:50:49,1d706db09735,hadoop-slave5.1.ird9ic7e8w4bfb82t1n0hbugx,0.0%,0.01189,/,125.5GiB,0.01%,20.4MB,/,199kB,2.92MB,/,4.1kB,1
2022-09-29 17:50:50,1d706db09735,hadoop-slave5.1.ird9ic7e8w4bfb82t1n0hbugx,0.0%,0.01189,/,125.5GiB,0.01%,20.4MB,/,199kB,2.92MB,/,4.1kB,1
2022-9-29 17:50:51,1d706db09735,hadoop-slave5.1.ird9ic7e8w4bfb82t1n0hbugx,0.00%,0.01189,/,125.5GiB,0.01%,20.4MB,/,199kB,2.92MB,/,4.1kB,1
2022-09-29 17:50:52,1d706db09735,hadoop-slave5.1.ird9ic7e8w4bfb82t1n0hbugx,0.0%,0.01189,/,125.5GiB,0.01%,20.4MB,/,199kB,2.92MB,/,4.1kB,1
2022-9-29 17:50:53,1d706db09735,hadoop-slave5.1.ird9ic7e8w4bfb82t1n0hbugx,0.00%,0.01189,/,125.5GiB,0.01%,20.4MB,/,199kB,2.92MB,/,4.1kB,1
2022-09-29 17:50:54,1d706db09735,hadoop-slave5.1.ird9ic7e8w4bfb82t1n0hbugx,0.0%,0.01189,/,125.5GiB,0.01%,20.4MB,/,199kB,2.92MB,/,4.1kB,1
2022-9-29 17:50:55,1d706db09735,hadoop-slave5.1.ird9ic7e8w4bfb82t1n0hbugx,0.00%,0.01189,/,125.5GiB,0.01%,20.4MB,/,199kB,2.92MB,/,4.1kB,1
2022-09-29 17:50:56,1d706db09735,hadoop-slave5.1.ird9ic7e8w4bfb82t1n0hbugx,0.0%,0.01189,/,125.5GiB,0.01%,20.4MB,/,199kB,2.92MB,/,4.1kB,1
2022-9-29 17:50:57,1d706db09735,hadoop-slave5.1.ird9ic7e8w4bfb82t1n0hbugx,0.00%,0.01189,/,125.5GiB,0.01%,20.4MB,/,199kB,2.92MB,/,4.1kB,1
2022-09-29 17:50:58,1d706db09735,hadoop-slave5.1.ird9ic7e8w4bfb82t1n0hbugx,0.0%,0.01189,/,125.5GiB,0.01%,20.4MB,/,199kB,2.92MB,/,4.1kB,1
2022-9-29 17:50:59,1d706db09735,hadoop-slave5.1.ird9ic7e8w4bfb82t1n0hbugx,0.00%,0.01189,/,125.5GiB,0.01%,20.4MB,/,199kB,2.92MB,/,4.1kB,1
2022-09-29 17:51:00,1d706db09735,hadoop-slave5.1.ird9ic7e8w4bfb82t1n0hbugx,0.0%,0.01189,/,125.5GiB,0.01%,20.4MB,/,199kB,2.92MB,/,4.1kB,1
2022-9-29 17:51:01,1d706db09735,hadoop-slave5.1.ird9ic7e8w4bfb82t1n0hbugx,0.00%,0.01189,/,125.5GiB,0.01%,20.4MB,/,199kB,2.92MB,/,4.1kB,1
2022-09-29 17:51:02,1d706db09735,hadoop-slave5.1.ird9ic7e8w4bfb82t1n0hbugx,0.0%,0.01189,/,125.5GiB,0.01%,20.4MB,/,199kB,2.92MB,/,4.1kB,1
2022-9-29 17:51:03,1d706db09735,hadoop-slave5.1.ird9ic7e8w4bfb82t1n0hbugx,0.00%,0.01189,/,125.5GiB,0.01%,20.4MB,/,199kB,2.92MB,/,4.1kB,1
2022-09-29 17:51:04,1d706db09735,hadoop-slave5.1.ird9ic7e8w4bfb82t1n0hbugx,0.0%,0.01189,/,125.5GiB,0.01%,20.4MB,/,199kB,2.92MB,/,4.1kB,1
2022-9-29 17:51:05,1d706db09735,hadoop-slave5.1.ird9ic7e8w4bfb82t1n0hbugx,0.00%,0.01189,/,125.5GiB,0.01%,20.4MB,/,199kB,2.92MB,/,4.1kB,1
2022-09-29 17:51:06,1d706db09735,hadoop-slave5.1.ird9ic7e8w4bfb82t1n0hbugx,0.0%,0.01189,/,125.5GiB,0.01%,20.4MB,/,199kB,2.92MB,/,4.1kB,1
2022-9-29 17:51:07,1d706db09735,hadoop-slave5.1.ird9ic7e8w4bfb82t1n0hbugx,0.00%,0.01189,/,125.5GiB,0.01%,20.4MB,/,199kB,2.92MB,/,4.1kB,1
2022-09-29 17:51:08,1d706db09735,hadoop-slave5.1.ird9ic7e8w4bfb82t1n0hbugx,0.0%,0.01189,/,125.5GiB,0.01%,20.4MB,/,199kB,2.92MB,/,4.1kB,1
2022-9-29 17:51:09,1d706db09735,hadoop-slave5.1.ird9ic7e8w4bfb82t1n0hbugx,0.00%,0.01189,/,125.5GiB,0.01%,20.4MB,/,199kB,2.92MB,/,4.1kB,1
2022-09-29 17:51:10,1d706db09735,hadoop-slave5.1.ird9ic7e8w4bfb82t1n0hbugx,0.0%,0.01189,/,125.5GiB,0.01%,20.4MB,/,199kB,2.92MB,/,4.1kB,1
2022-9-29 17:51:11,1d706db09735,hadoop-slave5.1.ird9ic7e8w4bfb82t1n0hbugx,0.00%,0.01189,/,125.5GiB,0.01%,20.4MB,/,199kB,2.92MB,/,4.1kB,1
2022-09-29 17:51:12,1d706db09735,hadoop-slave5.1.ird9ic7e8w4bfb82t1n0hbugx,0.0%,0.01189,/,125.5GiB,0.01%,20.4MB,/,199kB,2.92MB,/,4.1kB,1
2022-9-29 17:51:13,1d706db09735,hadoop-slave5.1.ird9ic7e8w4bfb82t1n0hbugx,0.00%,0.01189,/,125.5GiB,0.01%,20.4MB,/,199kB,2.92MB,/,4.1kB,1
2022-09-29 17:51:14,1d706db09735,hadoop-slave5.1.ird9ic7e8w4bfb82t1n0hbugx,0.0%,0.01189,/,125.5GiB,0.01%,20.4MB,/,199kB,2.92MB,/,4.1kB,1
2022-9-29 17:51:15,1d706db09735,hadoop-slave5.1.ird9ic7e8w4bfb82t1n0hbugx,0.00%,0.01189,/,125.5GiB,0.01%,20.4MB,/,199kB,2.92MB,/,4.1kB,1
2022-09-29 17:51:16,1d706db09735,hadoop-slave5.1.ird9ic7e8w4bfb82t1n0hbugx,0.0%,0.01189,/,125.5GiB,0.01%,20.4MB,/,199kB,2.92MB,/,4.1kB,1
2022-9-29 17:51:17,1d706db09735,hadoop-slave5.1.ird9ic7e8w4bfb82t1n0hbugx,0.00%,0.01189,/,125.5GiB,0.01%,20.4MB,/,199kB,2.92MB,/,4.1kB,1
2022-09-29 17:51:18,1d706db09735,hadoop-slave5.1.ird9ic7e8w4bfb82t1n0hbugx,0.0%,0.01189,/,125.5GiB,0.01%,20.4MB,/,199kB,2.92MB,/,4.1kB,1
2022-9-29 17:51:19,1d706db09735,hadoop-slave5.1.ird9ic7e8w4bfb82t1n0hbugx,0.00%,0.01189,/,125.5GiB,0.01%,20.4MB,/,199kB,2.92MB,/,4.1kB,1
2022-09-29 17:51:20,1d706db09735,hadoop-slave5.1.ird9ic7e8w4bfb82t1n0hbugx,0.0%,0.01189,/,125.5GiB,0.01%,20.4MB,/,199kB,2.92MB,/,4.1kB,1
2022-9-29 17:51:21,1d706db09735,hadoop-slave5.1.ird9ic7e8w4bfb82t1n0hbugx,0.00%,0.01189,/,125.5GiB,0.01%,20.4MB,/,199kB,2.92MB,/,4.1kB,1
2022-09-29 17:51:22,1d706db09735,hadoop-slave5.1.ird9ic7e8w4bfb82t1n0hbugx,0.0%,0.01189,/,125.5GiB,0.01%,20.4MB,/,199kB,2.92MB,/,4.1kB,1
2022-9-29 17:51:23,1d706db09735,hadoop-slave5.1.ird9ic7e8w4bfb82t1n0hbugx,0.00%,0.01189,/,125.5GiB,0.01%,20.4MB,/,199kB,2.92MB,/,4.1kB,1
2022-09-29 17:51:24,1d706db09735,hadoop-slave5.1.ird9ic7e8w4bfb82t1n0hbugx,0.0%,0.01189,/,125.5GiB,0.01%,20.4MB,/,199kB,2.92MB,/,4.1kB,1
2022-9-29 17:51:25,1d706db09735,hadoop-slave5.1.ird9ic7e8w4bfb82t1n0hbugx,0.00%,0.01189,/,125.5GiB,0.01%,20.4MB,/,199kB,2.92MB,/,4.1kB,1
2022-09-29 17:51:26,1d706db09735,hadoop-slave5.1.ird9ic7e8w4bfb82t1n0hbugx,0.0%,0.01189,/,125.5GiB,0.01%,20.4MB,/,199kB,2.92MB,/,4.1kB,1
2022-9-29 17:51:27,1d706db09735,hadoop-slave5.1.ird9ic7e8w4bfb82t1n0hbugx,0.00%,0.01189,/,125.5GiB,0.01%,20.4MB,/,199kB,2.92MB,/,4.1kB,1
2022-09-29 17:51:28,1d706db09735,hadoop-slave5.1.ird9ic7e8w4bfb82t1n0hbugx,0.0%,0.01189,/,125.5GiB,0.01%,20.4MB,/,199kB,2.92MB,/,4.1kB,1
2022-9-29 17:51:29,1d706db09735,hadoop-slave5.1.ird9ic7e8w4bfb82t1n0hbugx,0.00%,0.01189,/,125.5GiB,0.01%,20.4MB,/,199kB,2.92MB,/,4.1kB,1
2022-09-29 17:51:30,1d706db09735,hadoop-slave5.1.ird9ic7e8w4bfb82t1n0hbugx,0.0%,0.01189,/,125.5GiB,0.01%,20.4MB,/,199kB,2.92MB,/,4.1kB,1
2022-9-29 17:51:31,1d706db09735,hadoop-slave5.1.ird9ic7e8w4bfb82t1n0hbugx,0.00%,0.01189,/,125.5GiB,0.01%,20.4MB,/,199kB,2.92MB,/,4.1kB,1
2022-09-29 17:51:32,1d706db09735,hadoop-slave5.1.ird9ic7e8w4bfb82t1n0hbugx,0.0%,0.01189,/,125.5GiB,0.01%,20.4MB,/,199kB,2.92MB,/,4.1kB,1
2022-9-29 17:51:33,1d706db09735,hadoop-slave5.1.ird9ic7e8w4bfb82t1n0hbugx,0.00%,0.01189,/,125.5GiB,0.01%,20.4MB,/,199kB,2.92MB,/,4.1kB,1
2022-09-29 17:51:34,1d706db09735,hadoop-slave5.1.ird9ic7e8w4bfb82t1n0hbugx,0.0%,0.01189,/,125.5GiB,0.01%,20.4MB,/,199kB,2.92MB,/,4.1kB,1
2022-9-29 17:51:35,1d706db09735,hadoop-slave5.1.ird9ic7e8w4bfb82t1n0hbugx,0.00%,0.01189,/,125.5GiB,0.01%,20.4MB,/,199kB,2.92MB,/,4.1kB,1
2022-09-29 17:51:36,1d706db09735,hadoop-slave5.1.ird9ic7e8w4bfb82t1n0hbugx,0.0%,0.01189,/,125.5GiB,0.01%,20.4MB,/,199kB,2.92MB,/,4.1kB,1
2022-9-29 17:51:37,1d706db09735,hadoop-slave5.1.ird9ic7e8w4bfb82t1n0hbugx,0.00%,0.01189,/,125.5GiB,0.01%,20.4MB,/,199kB,2.92MB,/,4.1kB,1
2022-09-29 17:51:38,1d706db09735,hadoop-slave5.1.ird9ic7e8w4bfb82t1n0hbugx,0.0%,0.01189,/,125.5GiB,0.01%,20.4MB,/,199kB,2.92MB,/,4.1kB,1
2022-9-29 17:51:39,1d706db09735,hadoop-slave5.1.ird9ic7e8w4bfb82t1n0hbugx,0.00%,0.01189,/,125.5GiB,0.01%,20.4MB,/,199kB,2.92MB,/,4.1kB,1
2022-09-29 17:51:40,1d706db09735,hadoop-slave5.1.ird9ic7e8w4bfb82t1n0hbugx,0.0%,0.01189,/,125.5GiB,0.01%,20.4MB,/,199kB,2.92MB,/,4.1kB,1
2022-9-29 17:51:41,1d706db09735,hadoop-slave5.1.ird9ic7e8w4bfb82t1n0hbugx,0.00%,0.01189,/,125.5GiB,0.01%,20.4MB,/,199kB,2.92MB,/,4.1kB,1
2022-09-29 17:51:42,1d706db09735,hadoop-slave5.1.ird9ic7e8w4bfb82t1n0hbugx,0.0%,0.01189,/,125.5GiB,0.01%,20.4MB,/,199kB,2.92MB,/,4.1kB,1
2022-9-29 17:51:43,1d706db09735,hadoop-slave5.1.ird9ic7e8w4bfb82t1n0hbugx,0.00%,0.01189,/,125.5GiB,0.01%,20.4MB,/,199kB,2.92MB,/,4.1kB,1
2022-09-29 17:51:44,1d706db09735,hadoop-slave5.1.ird9ic7e8w4bfb82t1n0hbugx,0.0%,0.01189,/,125.5GiB,0.01%,20.4MB,/,199kB,2.92MB,/,4.1kB,1
2022-9-29 17:51:45,1d706db09735,hadoop-slave5.1.ird9ic7e8w4bfb82t1n0hbugx,0.00%,0.01189,/,125.5GiB,0.01%,20.4MB,/,199kB,2.92MB,/,4.1kB,1
2022-09-29 17:51:46,1d706db09735,hadoop-slave5.1.ird9ic7e8w4bfb82t1n0hbugx,0.0%,0.01189,/,125.5GiB,0.01%,20.4MB,/,199kB,2.92MB,/,4.1kB,1
2022-9-29 17:51:47,1d706db09735,hadoop-slave5.1.ird9ic7e8w4bfb82t1n0hbugx,0.00%,0.01189,/,125.5GiB,0.01%,20.4MB,/,199kB,2.92MB,/,4.1kB,1
2022-09-29 17:51:48,1d706db09735,hadoop-slave5.1.ird9ic7e8w4bfb82t1n0hbugx,0.0%,0.01189,/,125.5GiB,0.01%,20.4MB,/,199kB,2.92MB,/,4.1kB,1
2022-9-29 17:51:49,1d706db09735,hadoop-slave5.1.ird9ic7e8w4bfb82t1n0hbugx,0.00%,0.01189,/,125.5GiB,0.01%,20.4MB,/,199kB,2.92MB,/,4.1kB,1
2022-09-29 17:51:50,1d706db09735,hadoop-slave5.1.ird9ic7e8w4bfb82t1n0hbugx,0.0%,0.01189,/,125.5GiB,0.01%,20.4MB,/,199kB,2.92MB,/,4.1kB,1
2022-9-29 17:51:51,1d706db09735,hadoop-slave5.1.ird9ic7e8w4bfb82t1n0hbugx,0.00%,0.01189,/,125.5GiB,0.01%,20.4MB,/,199kB,2.92MB,/,4.1kB,1
2022-09-29 17:51:52,1d706db09735,hadoop-slave5.1.ird9ic7e8w4bfb82t1n0hbugx,0.0%,0.01189,/,125.5GiB,0.01%,20.4MB,/,199kB,2.92MB,/,4.1kB,1
2022-09-29 17:51:53,1d706db09735,hadoop-slave5.1.ird9ic7e8w4bfb82t1n0hbugx,0.0%,0.01189,/,125.5GiB,0.01%,20.4MB,/,199kB,2.92MB,/,4.1kB,1
2022-9-29 17:51:54,1d706db09735,hadoop-slave5.1.ird9ic7e8w4bfb82t1n0hbugx,0.00%,0.01189,/,125.5GiB,0.01%,20.4MB,/,199kB,2.92MB,/,4.1kB,1
2022-09-29 17:51:55,1d706db09735,hadoop-slave5.1.ird9ic7e8w4bfb82t1n0hbugx,0.0%,0.01189,/,125.5GiB,0.01%,20.4MB,/,199kB,2.92MB,/,4.1kB,1
2022-9-29 17:51:56,1d706db09735,hadoop-slave5.1.ird9ic7e8w4bfb82t1n0hbugx,0.00%,0.01189,/,125.5GiB,0.01%,20.4MB,/,199kB,2.92MB,/,4.1kB,1
2022-09-29 17:51:57,1d706db09735,hadoop-slave5.1.ird9ic7e8w4bfb82t1n0hbugx,0.0%,0.01189,/,125.5GiB,0.01%,20.4MB,/,199kB,2.92MB,/,4.1kB,1
2022-9-29 17:51:58,1d706db09735,hadoop-slave5.1.ird9ic7e8w4bfb82t1n0hbugx,0.00%,0.01189,/,125.5GiB,0.01%,20.4MB,/,199kB,2.92MB,/,4.1kB,1
2022-09-29 17:51:59,1d706db09735,hadoop-slave5.1.ird9ic7e8w4bfb82t1n0hbugx,0.0%,0.01189,/,125.5GiB,0.01%,20.4MB,/,199kB,2.92MB,/,4.1kB,1
2022-9-29 17:52:00,1d706db09735,hadoop-slave5.1.ird9ic7e8w4bfb82t1n0hbugx,0.00%,0.01189,/,125.5GiB,0.01%,20.4MB,/,199kB,2.92MB,/,4.1kB,1
2022-09-29 17:52:01,1d706db09735,hadoop-slave5.1.ird9ic7e8w4bfb82t1n0hbugx,0.0%,0.01189,/,125.5GiB,0.01%,20.4MB,/,199kB,2.92MB,/,4.1kB,1
2022-9-29 17:52:02,1d706db09735,hadoop-slave5.1.ird9ic7e8w4bfb82t1n0hbugx,0.00%,0.01189,/,125.5GiB,0.01%,20.4MB,/,199kB,2.92MB,/,4.1kB,1
2022-09-29 17:52:03,1d706db09735,hadoop-slave5.1.ird9ic7e8w4bfb82t1n0hbugx,0.0%,0.01189,/,125.5GiB,0.01%,20.4MB,/,199kB,2.92MB,/,4.1kB,1
2022-9-29 17:52:04,1d706db09735,hadoop-slave5.1.ird9ic7e8w4bfb82t1n0hbugx,0.00%,0.01189,/,125.5GiB,0.01%,20.4MB,/,199kB,2.92MB,/,4.1kB,1
2022-09-29 17:52:05,1d706db09735,hadoop-slave5.1.ird9ic7e8w4bfb82t1n0hbugx,0.0%,0.01189,/,125.5GiB,0.01%,20.4MB,/,199kB,2.92MB,/,4.1kB,1
2022-9-29 17:52:06,1d706db09735,hadoop-slave5.1.ird9ic7e8w4bfb82t1n0hbugx,0.00%,0.01189,/,125.5GiB,0.01%,20.4MB,/,199kB,2.92MB,/,4.1kB,1
2022-09-29 17:52:07,1d706db09735,hadoop-slave5.1.ird9ic7e8w4bfb82t1n0hbugx,0.0%,0.01189,/,125.5GiB,0.01%,20.4MB,/,199kB,2.92MB,/,4.1kB,1
2022-9-29 17:52:08,1d706db09735,hadoop-slave5.1.ird9ic7e8w4bfb82t1n0hbugx,0.00%,0.01189,/,125.5GiB,0.01%,20.4MB,/,199kB,2.92MB,/,4.1kB,1
2022-09-29 17:52:09,1d706db09735,hadoop-slave5.1.ird9ic7e8w4bfb82t1n0hbugx,0.0%,0.01189,/,125.5GiB,0.01%,20.4MB,/,199kB,2.92MB,/,4.1kB,1
2022-9-29 17:52:10,1d706db09735,hadoop-slave5.1.ird9ic7e8w4bfb82t1n0hbugx,0.00%,0.01189,/,125.5GiB,0.01%,20.4MB,/,199kB,2.92MB,/,4.1kB,1
2022-09-29 17:52:11,1d706db09735,hadoop-slave5.1.ird9ic7e8w4bfb82t1n0hbugx,0.0%,0.01189,/,125.5GiB,0.01%,20.4MB,/,199kB,2.92MB,/,4.1kB,1
2022-9-29 17:52:12,1d706db09735,hadoop-slave5.1.ird9ic7e8w4bfb82t1n0hbugx,0.00%,0.01189,/,125.5GiB,0.01%,20.4MB,/,199kB,2.92MB,/,4.1kB,1
2022-09-29 17:52:13,1d706db09735,hadoop-slave5.1.ird9ic7e8w4bfb82t1n0hbugx,0.0%,0.01189,/,125.5GiB,0.01%,20.4MB,/,199kB,2.92MB,/,4.1kB,1
2022-9-29 17:52:14,1d706db09735,hadoop-slave5.1.ird9ic7e8w4bfb82t1n0hbugx,0.00%,0.01189,/,125.5GiB,0.01%,20.4MB,/,199kB,2.92MB,/,4.1kB,1
2022-09-29 17:52:15,1d706db09735,hadoop-slave5.1.ird9ic7e8w4bfb82t1n0hbugx,0.0%,0.01189,/,125.5GiB,0.01%,20.4MB,/,199kB,2.92MB,/,4.1kB,1
2022-9-29 17:52:16,1d706db09735,hadoop-slave5.1.ird9ic7e8w4bfb82t1n0hbugx,0.00%,0.01189,/,125.5GiB,0.01%,20.4MB,/,199kB,2.92MB,/,4.1kB,1
2022-09-29 17:52:17,1d706db09735,hadoop-slave5.1.ird9ic7e8w4bfb82t1n0hbugx,0.0%,0.01189,/,125.5GiB,0.01%,20.4MB,/,199kB,2.92MB,/,4.1kB,1
2022-9-29 17:52:18,1d706db09735,hadoop-slave5.1.ird9ic7e8w4bfb82t1n0hbugx,0.00%,0.01189,/,125.5GiB,0.01%,20.4MB,/,199kB,2.92MB,/,4.1kB,1
2022-09-29 17:52:19,1d706db09735,hadoop-slave5.1.ird9ic7e8w4bfb82t1n0hbugx,0.0%,0.01189,/,125.5GiB,0.01%,20.4MB,/,199kB,2.92MB,/,4.1kB,1
2022-9-29 17:52:20,1d706db09735,hadoop-slave5.1.ird9ic7e8w4bfb82t1n0hbugx,0.00%,0.01189,/,125.5GiB,0.01%,20.4MB,/,199kB,2.92MB,/,4.1kB,1
2022-09-29 17:52:21,1d706db09735,hadoop-slave5.1.ird9ic7e8w4bfb82t1n0hbugx,0.0%,0.01189,/,125.5GiB,0.01%,20.4MB,/,199kB,2.92MB,/,4.1kB,1
2022-9-29 17:52:22,1d706db09735,hadoop-slave5.1.ird9ic7e8w4bfb82t1n0hbugx,0.00%,0.01189,/,125.5GiB,0.01%,20.4MB,/,199kB,2.92MB,/,4.1kB,1
2022-09-29 17:52:23,1d706db09735,hadoop-slave5.1.ird9ic7e8w4bfb82t1n0hbugx,0.0%,0.01189,/,125.5GiB,0.01%,20.4MB,/,199kB,2.92MB,/,4.1kB,1
2022-9-29 17:52:24,1d706db09735,hadoop-slave5.1.ird9ic7e8w4bfb82t1n0hbugx,0.00%,0.01189,/,125.5GiB,0.01%,20.4MB,/,199kB,2.92MB,/,4.1kB,1
2022-09-29 17:52:25,1d706db09735,hadoop-slave5.1.ird9ic7e8w4bfb82t1n0hbugx,0.0%,0.01189,/,125.5GiB,0.01%,20.4MB,/,199kB,2.92MB,/,4.1kB,1
2022-9-29 17:52:26,1d706db09735,hadoop-slave5.1.ird9ic7e8w4bfb82t1n0hbugx,0.00%,0.01189,/,125.5GiB,0.01%,20.4MB,/,199kB,2.92MB,/,4.1kB,1
2022-09-29 17:52:27,1d706db09735,hadoop-slave5.1.ird9ic7e8w4bfb82t1n0hbugx,0.0%,0.01189,/,125.5GiB,0.01%,20.4MB,/,199kB,2.92MB,/,4.1kB,1
2022-9-29 17:52:28,1d706db09735,hadoop-slave5.1.ird9ic7e8w4bfb82t1n0hbugx,0.00%,0.01189,/,125.5GiB,0.01%,20.4MB,/,199kB,2.92MB,/,4.1kB,1
2022-09-29 17:52:29,1d706db09735,hadoop-slave5.1.ird9ic7e8w4bfb82t1n0hbugx,0.0%,0.01189,/,125.5GiB,0.01%,20.4MB,/,199kB,2.92MB,/,4.1kB,1
2022-9-29 17:52:30,1d706db09735,hadoop-slave5.1.ird9ic7e8w4bfb82t1n0hbugx,0.00%,0.01189,/,125.5GiB,0.01%,20.4MB,/,199kB,2.92MB,/,4.1kB,1
2022-09-29 17:52:31,1d706db09735,hadoop-slave5.1.ird9ic7e8w4bfb82t1n0hbugx,0.0%,0.01189,/,125.5GiB,0.01%,20.4MB,/,199kB,2.92MB,/,4.1kB,1
2022-9-29 17:52:32,1d706db09735,hadoop-slave5.1.ird9ic7e8w4bfb82t1n0hbugx,0.00%,0.01189,/,125.5GiB,0.01%,20.4MB,/,199kB,2.92MB,/,4.1kB,1
2022-09-29 17:52:33,1d706db09735,hadoop-slave5.1.ird9ic7e8w4bfb82t1n0hbugx,0.0%,0.01189,/,125.5GiB,0.01%,20.4MB,/,199kB,2.92MB,/,4.1kB,1
2022-9-29 17:52:34,1d706db09735,hadoop-slave5.1.ird9ic7e8w4bfb82t1n0hbugx,0.00%,0.01189,/,125.5GiB,0.01%,20.4MB,/,199kB,2.92MB,/,4.1kB,1
2022-09-29 17:52:35,1d706db09735,hadoop-slave5.1.ird9ic7e8w4bfb82t1n0hbugx,0.0%,0.01189,/,125.5GiB,0.01%,20.4MB,/,199kB,2.92MB,/,4.1kB,1
2022-9-29 17:52:36,1d706db09735,hadoop-slave5.1.ird9ic7e8w4bfb82t1n0hbugx,0.00%,0.01189,/,125.5GiB,0.01%,20.4MB,/,199kB,2.92MB,/,4.1kB,1
2022-09-29 17:52:37,1d706db09735,hadoop-slave5.1.ird9ic7e8w4bfb82t1n0hbugx,0.0%,0.01189,/,125.5GiB,0.01%,20.4MB,/,199kB,2.92MB,/,4.1kB,1
2022-9-29 17:52:38,1d706db09735,hadoop-slave5.1.ird9ic7e8w4bfb82t1n0hbugx,0.00%,0.01189,/,125.5GiB,0.01%,20.4MB,/,199kB,2.92MB,/,4.1kB,1
2022-09-29 17:52:39,1d706db09735,hadoop-slave5.1.ird9ic7e8w4bfb82t1n0hbugx,0.0%,0.01189,/,125.5GiB,0.01%,20.4MB,/,199kB,2.92MB,/,4.1kB,1
2022-9-29 17:52:40,1d706db09735,hadoop-slave5.1.ird9ic7e8w4bfb82t1n0hbugx,0.00%,0.01189,/,125.5GiB,0.01%,20.4MB,/,199kB,2.92MB,/,4.1kB,1
2022-09-29 17:52:41,1d706db09735,hadoop-slave5.1.ird9ic7e8w4bfb82t1n0hbugx,0.0%,0.01189,/,125.5GiB,0.01%,20.4MB,/,199kB,2.92MB,/,4.1kB,1
2022-9-29 17:52:42,1d706db09735,hadoop-slave5.1.ird9ic7e8w4bfb82t1n0hbugx,0.00%,0.01189,/,125.5GiB,0.01%,20.4MB,/,199kB,2.92MB,/,4.1kB,1
2022-09-29 17:52:43,1d706db09735,hadoop-slave5.1.ird9ic7e8w4bfb82t1n0hbugx,0.0%,0.01189,/,125.5GiB,0.01%,20.4MB,/,199kB,2.92MB,/,4.1kB,1
2022-9-29 17:52:44,1d706db09735,hadoop-slave5.1.ird9ic7e8w4bfb82t1n0hbugx,0.00%,0.01189,/,125.5GiB,0.01%,20.4MB,/,199kB,2.92MB,/,4.1kB,1
2022-09-29 17:52:45,1d706db09735,hadoop-slave5.1.ird9ic7e8w4bfb82t1n0hbugx,0.0%,0.01189,/,125.5GiB,0.01%,20.4MB,/,199kB,2.92MB,/,4.1kB,1
2022-9-29 17:52:46,1d706db09735,hadoop-slave5.1.ird9ic7e8w4bfb82t1n0hbugx,0.00%,0.01189,/,125.5GiB,0.01%,20.4MB,/,199kB,2.92MB,/,4.1kB,1
2022-09-29 17:52:47,1d706db09735,hadoop-slave5.1.ird9ic7e8w4bfb82t1n0hbugx,0.0%,0.01189,/,125.5GiB,0.01%,20.4MB,/,199kB,2.92MB,/,4.1kB,1
2022-9-29 17:52:48,1d706db09735,hadoop-slave5.1.ird9ic7e8w4bfb82t1n0hbugx,0.00%,0.01189,/,125.5GiB,0.01%,20.4MB,/,199kB,2.92MB,/,4.1kB,1
2022-09-29 17:52:49,1d706db09735,hadoop-slave5.1.ird9ic7e8w4bfb82t1n0hbugx,0.0%,0.01189,/,125.5GiB,0.01%,20.4MB,/,199kB,2.92MB,/,4.1kB,1
2022-9-29 17:52:50,1d706db09735,hadoop-slave5.1.ird9ic7e8w4bfb82t1n0hbugx,0.00%,0.01189,/,125.5GiB,0.01%,20.4MB,/,199kB,2.92MB,/,4.1kB,1
2022-09-29 17:52:51,1d706db09735,hadoop-slave5.1.ird9ic7e8w4bfb82t1n0hbugx,0.0%,0.01189,/,125.5GiB,0.01%,20.4MB,/,199kB,2.92MB,/,4.1kB,1
2022-9-29 17:52:52,1d706db09735,hadoop-slave5.1.ird9ic7e8w4bfb82t1n0hbugx,0.00%,0.01189,/,125.5GiB,0.01%,20.4MB,/,199kB,2.92MB,/,4.1kB,1
2022-09-29 17:52:53,1d706db09735,hadoop-slave5.1.ird9ic7e8w4bfb82t1n0hbugx,0.0%,0.01189,/,125.5GiB,0.01%,20.4MB,/,199kB,2.92MB,/,4.1kB,1
2022-9-29 17:52:54,1d706db09735,hadoop-slave5.1.ird9ic7e8w4bfb82t1n0hbugx,0.00%,0.01189,/,125.5GiB,0.01%,20.4MB,/,199kB,2.92MB,/,4.1kB,1
2022-09-29 17:52:55,1d706db09735,hadoop-slave5.1.ird9ic7e8w4bfb82t1n0hbugx,0.0%,0.01189,/,125.5GiB,0.01%,20.4MB,/,199kB,2.92MB,/,4.1kB,1
2022-09-29 17:52:56,1d706db09735,hadoop-slave5.1.ird9ic7e8w4bfb82t1n0hbugx,0.0%,0.01189,/,125.5GiB,0.01%,20.4MB,/,199kB,2.92MB,/,4.1kB,1
2022-9-29 17:52:57,1d706db09735,hadoop-slave5.1.ird9ic7e8w4bfb82t1n0hbugx,0.00%,0.01189,/,125.5GiB,0.01%,20.4MB,/,199kB,2.92MB,/,4.1kB,1
2022-09-29 17:52:58,1d706db09735,hadoop-slave5.1.ird9ic7e8w4bfb82t1n0hbugx,0.0%,0.01189,/,125.5GiB,0.01%,20.4MB,/,199kB,2.92MB,/,4.1kB,1
2022-9-29 17:52:59,1d706db09735,hadoop-slave5.1.ird9ic7e8w4bfb82t1n0hbugx,0.00%,0.01189,/,125.5GiB,0.01%,20.4MB,/,199kB,2.92MB,/,4.1kB,1
2022-09-29 17:53:00,1d706db09735,hadoop-slave5.1.ird9ic7e8w4bfb82t1n0hbugx,0.0%,0.01189,/,125.5GiB,0.01%,20.4MB,/,199kB,2.92MB,/,4.1kB,1
2022-9-29 17:53:01,1d706db09735,hadoop-slave5.1.ird9ic7e8w4bfb82t1n0hbugx,0.00%,0.01189,/,125.5GiB,0.01%,20.4MB,/,199kB,2.92MB,/,4.1kB,1
2022-09-29 17:53:02,1d706db09735,hadoop-slave5.1.ird9ic7e8w4bfb82t1n0hbugx,0.0%,0.01189,/,125.5GiB,0.01%,20.4MB,/,199kB,2.92MB,/,4.1kB,1
2022-9-29 17:53:03,1d706db09735,hadoop-slave5.1.ird9ic7e8w4bfb82t1n0hbugx,0.00%,0.01189,/,125.5GiB,0.01%,20.4MB,/,199kB,2.92MB,/,4.1kB,1
2022-09-29 17:53:04,1d706db09735,hadoop-slave5.1.ird9ic7e8w4bfb82t1n0hbugx,0.0%,0.01189,/,125.5GiB,0.01%,20.4MB,/,199kB,2.92MB,/,4.1kB,1
2022-9-29 17:53:05,1d706db09735,hadoop-slave5.1.ird9ic7e8w4bfb82t1n0hbugx,0.00%,0.01189,/,125.5GiB,0.01%,20.4MB,/,199kB,2.92MB,/,4.1kB,1
2022-09-29 17:53:06,1d706db09735,hadoop-slave5.1.ird9ic7e8w4bfb82t1n0hbugx,0.0%,0.01189,/,125.5GiB,0.01%,20.4MB,/,199kB,2.92MB,/,4.1kB,1
2022-9-29 17:53:07,1d706db09735,hadoop-slave5.1.ird9ic7e8w4bfb82t1n0hbugx,0.00%,0.01189,/,125.5GiB,0.01%,20.4MB,/,199kB,2.92MB,/,4.1kB,1
2022-09-29 17:53:08,1d706db09735,hadoop-slave5.1.ird9ic7e8w4bfb82t1n0hbugx,0.0%,0.01189,/,125.5GiB,0.01%,20.4MB,/,199kB,2.92MB,/,4.1kB,1
2022-9-29 17:53:09,1d706db09735,hadoop-slave5.1.ird9ic7e8w4bfb82t1n0hbugx,0.00%,0.01189,/,125.5GiB,0.01%,20.4MB,/,199kB,2.92MB,/,4.1kB,1
2022-09-29 17:53:10,1d706db09735,hadoop-slave5.1.ird9ic7e8w4bfb82t1n0hbugx,0.0%,0.01189,/,125.5GiB,0.01%,20.4MB,/,199kB,2.92MB,/,4.1kB,1
2022-9-29 17:53:11,1d706db09735,hadoop-slave5.1.ird9ic7e8w4bfb82t1n0hbugx,0.00%,0.01189,/,125.5GiB,0.01%,20.4MB,/,199kB,2.92MB,/,4.1kB,1
2022-09-29 17:53:12,1d706db09735,hadoop-slave5.1.ird9ic7e8w4bfb82t1n0hbugx,0.0%,0.01189,/,125.5GiB,0.01%,20.4MB,/,199kB,2.92MB,/,4.1kB,1
2022-9-29 17:53:13,1d706db09735,hadoop-slave5.1.ird9ic7e8w4bfb82t1n0hbugx,0.00%,0.01189,/,125.5GiB,0.01%,20.4MB,/,199kB,2.92MB,/,4.1kB,1
2022-09-29 17:53:14,1d706db09735,hadoop-slave5.1.ird9ic7e8w4bfb82t1n0hbugx,0.0%,0.01189,/,125.5GiB,0.01%,20.4MB,/,199kB,2.92MB,/,4.1kB,1
2022-9-29 17:53:15,1d706db09735,hadoop-slave5.1.ird9ic7e8w4bfb82t1n0hbugx,0.00%,0.01189,/,125.5GiB,0.01%,20.4MB,/,199kB,2.92MB,/,4.1kB,1
2022-09-29 17:53:16,1d706db09735,hadoop-slave5.1.ird9ic7e8w4bfb82t1n0hbugx,0.0%,0.01189,/,125.5GiB,0.01%,20.4MB,/,199kB,2.92MB,/,4.1kB,1
2022-9-29 17:53:17,1d706db09735,hadoop-slave5.1.ird9ic7e8w4bfb82t1n0hbugx,0.00%,0.01189,/,125.5GiB,0.01%,20.4MB,/,199kB,2.92MB,/,4.1kB,1
2022-09-29 17:53:18,1d706db09735,hadoop-slave5.1.ird9ic7e8w4bfb82t1n0hbugx,0.0%,0.01189,/,125.5GiB,0.01%,20.4MB,/,199kB,2.92MB,/,4.1kB,1
2022-9-29 17:53:19,1d706db09735,hadoop-slave5.1.ird9ic7e8w4bfb82t1n0hbugx,0.00%,0.01189,/,125.5GiB,0.01%,20.4MB,/,199kB,2.92MB,/,4.1kB,1
2022-09-29 17:53:20,1d706db09735,hadoop-slave5.1.ird9ic7e8w4bfb82t1n0hbugx,0.0%,0.01189,/,125.5GiB,0.01%,20.4MB,/,199kB,2.92MB,/,4.1kB,1
2022-9-29 17:53:21,1d706db09735,hadoop-slave5.1.ird9ic7e8w4bfb82t1n0hbugx,0.00%,0.01189,/,125.5GiB,0.01%,20.4MB,/,199kB,2.92MB,/,4.1kB,1
2022-09-29 17:53:22,1d706db09735,hadoop-slave5.1.ird9ic7e8w4bfb82t1n0hbugx,0.0%,0.01189,/,125.5GiB,0.01%,20.4MB,/,199kB,2.92MB,/,4.1kB,1
2022-9-29 17:53:23,1d706db09735,hadoop-slave5.1.ird9ic7e8w4bfb82t1n0hbugx,0.00%,0.01189,/,125.5GiB,0.01%,20.4MB,/,199kB,2.92MB,/,4.1kB,1
2022-09-29 17:53:24,1d706db09735,hadoop-slave5.1.ird9ic7e8w4bfb82t1n0hbugx,0.0%,0.01189,/,125.5GiB,0.01%,20.4MB,/,199kB,2.92MB,/,4.1kB,1
2022-9-29 17:53:25,1d706db09735,hadoop-slave5.1.ird9ic7e8w4bfb82t1n0hbugx,0.00%,0.01189,/,125.5GiB,0.01%,20.4MB,/,199kB,2.92MB,/,4.1kB,1
2022-09-29 17:53:26,1d706db09735,hadoop-slave5.1.ird9ic7e8w4bfb82t1n0hbugx,0.0%,0.01189,/,125.5GiB,0.01%,20.4MB,/,199kB,2.92MB,/,4.1kB,1
